{"properties":{"connectionReferences":{"shared_office365":{"runtimeSource":"invoker","connection":{"connectionReferenceLogicalName":"new_sharedoffice365_eca6d"},"api":{"name":"shared_office365"}},"shared_office365_2":{"runtimeSource":"embedded","connection":{"connectionReferenceLogicalName":"yaa_sharedoffice365_f12b9"},"api":{"name":"shared_office365"}}},"definition":{"$schema":"https://schema.management.azure.com/providers/Microsoft.Logic/schemas/2016-06-01/workflowdefinition.json#","contentVersion":"1.0.0.0","parameters":{"$connections":{"defaultValue":{},"type":"Object"},"$authentication":{"defaultValue":{},"type":"SecureObject"}},"triggers":{"manual":{"metadata":{"operationMetadataId":"d99dd60c-fa5f-4fba-8c33-fa218a6392e8"},"type":"Request","kind":"PowerAppV2","inputs":{"schema":{"type":"object","properties":{},"required":[]}}}},"actions":{"変数hoursを初期化する":{"runAfter":{},"metadata":{"operationMetadataId":"bcf2f5b1-00e2-426b-8854-d2f5e58e446c"},"type":"InitializeVariable","inputs":{"variables":[{"name":"Hours","type":"array","value":[1,2,3,4]}]}},"変数ScheduleDatesを初期化する":{"runAfter":{"変数CurrentItemを初期化する":["Succeeded"]},"metadata":{"operationMetadataId":"ccc93e6a-ec32-4536-a82c-6f9e8c09d5b2"},"type":"InitializeVariable","inputs":{"variables":[{"name":"ScheduleDates","type":"array"}]}},"変数CurrentItemを初期化する":{"runAfter":{"変数hoursを初期化する":["Succeeded"]},"metadata":{"operationMetadataId":"f450bd14-068f-434c-a881-cfef7a107302"},"type":"InitializeVariable","inputs":{"variables":[{"name":"CurrentItem","type":"integer","value":0}]}},"変数Roomsを初期化する":{"runAfter":{"変数ScheduleDatesを初期化する":["Succeeded"]},"metadata":{"operationMetadataId":"e73c8a29-4f90-482f-98a7-36dc079d8f7d"},"type":"InitializeVariable","inputs":{"variables":[{"name":"Rooms","type":"array"}]}},"アレイのフィルター処理":{"runAfter":{"JSON_の解析":["Succeeded"]},"metadata":{"operationMetadataId":"fddbc4cc-3838-4b2a-9dfa-4427b8fff65e"},"type":"Query","inputs":{"from":"@body('JSON_の解析')","where":"@not(equals(item()['address'], ''))"}},"会議室の取得_(V2)":{"runAfter":{"変数Roomsを初期化する":["Succeeded"]},"metadata":{"operationMetadataId":"2c12fecc-5259-4ac6-aec9-9b058a0df357"},"type":"OpenApiConnection","inputs":{"host":{"connectionName":"shared_office365","operationId":"GetRooms_V2","apiId":"/providers/Microsoft.PowerApps/apis/shared_office365"},"parameters":{},"authentication":"@parameters('$authentication')"}},"Apply_to_each_2":{"foreach":"@outputs('会議室の取得_(V2)')?['body/value']","actions":{"配列変数Roomsに追加":{"runAfter":{},"metadata":{"operationMetadataId":"af9df01c-343e-4dd4-8b34-5cd9d31e2164"},"type":"AppendToArrayVariable","inputs":{"name":"Rooms","value":"@items('Apply_to_each_2')"}}},"runAfter":{"会議室の取得_(V2)":["Succeeded"]},"metadata":{"operationMetadataId":"af7c1b58-8f56-48b0-bf67-1ba5c99baa27"},"type":"Foreach"},"JSON_の解析":{"runAfter":{"Apply_to_each_2":["Succeeded"]},"metadata":{"operationMetadataId":"003eb7c1-124c-4172-98c4-23979a4bbf5b"},"type":"ParseJson","inputs":{"content":"@variables('Rooms')","schema":{"type":"array","items":{"type":"object","properties":{"name":{"type":"string"},"address":{"type":"string"}},"required":["name","address"]}}}},"Apply_to_each_3":{"foreach":"@body('アレイのフィルター処理')","actions":{"条件":{"actions":{"TestRoom":{"runAfter":{},"metadata":{"operationMetadataId":"4f5c75bb-5589-4b95-99df-6ea12fbc74f1"},"type":"ParseJson","inputs":{"content":"@items('Apply_to_each_3')","schema":{"type":"object","properties":{"name":{"type":"string"},"address":{"type":"string"}}}}},"Apply_to_each":{"foreach":"@variables('Hours')","actions":{"変数CurrentItemの設定":{"runAfter":{},"metadata":{"operationMetadataId":"79f8951a-88bd-41e8-a4b9-2e347ebee764"},"type":"SetVariable","inputs":{"name":"CurrentItem","value":"@items('Apply_to_each')"}},"配列変数ScheduleDatesに追加":{"runAfter":{"変数CurrentItemの設定":["Succeeded"]},"metadata":{"operationMetadataId":"868ca1de-9524-4fef-b4f9-a64d6103d427"},"type":"AppendToArrayVariable","inputs":{"name":"ScheduleDates","value":{"start":"@{addHours(utcNow(), add(9, variables('CurrentItem')), 'yyyy-MM-ddTHH:00:00Z')}","end":"@{addMinutes(addHours(utcNow(), add(9, variables('CurrentItem')), 'yyyy-MM-ddTHH:00:00Z'), 30, 'yyyy-MM-ddTHH:mm:00Z')}"}}},"イベントの作成_(V4)":{"runAfter":{"配列変数ScheduleDatesに追加":["Succeeded"]},"metadata":{"operationMetadataId":"8fc799bb-2a78-4564-bbf7-de493e9982d3"},"type":"OpenApiConnection","inputs":{"host":{"connectionName":"shared_office365_2","operationId":"V4CalendarPostItem","apiId":"/providers/Microsoft.PowerApps/apis/shared_office365"},"parameters":{"table":"AQMkAGEyNzg5MzVhLTQ2OTctNDk1YS04OWY4LTk0ZTViNWZlYWQ3NgBGAAADhFFZF6hg80S41bqDRRlluwcAxkvm8_PkJUmaYBvYm8XmAQAAAgEGAAAAxkvm8_PkJUmaYBvYm8XmAQAAAk4zAAAA","item/subject":"@addHours(utcNow(), add(9, variables('CurrentItem')), 'HH00')","item/start":"@addHours(utcNow(), add(9, variables('CurrentItem')), 'yyyy-MM-ddTHH:00:00+09:00')","item/end":"@addMinutes(addHours(utcNow(), add(9, variables('CurrentItem')), 'yyyy-MM-ddTHH:00:00Z'), 30, 'yyyy-MM-ddTHH:mm:00+09:00')","item/timeZone":"(UTC+09:00) Osaka, Sapporo, Tokyo","item/resourceAttendees":"@body('TestRoom')?['address']","item/location":"@body('TestRoom')?['name']","item/importance":"normal","item/showAs":"busy","item/responseRequested":true,"item/sensitivity":"normal"},"authentication":"@parameters('$authentication')"}}},"runAfter":{"TestRoom":["Succeeded"]},"metadata":{"operationMetadataId":"de7182d2-36ac-4718-b856-148266591391"},"type":"Foreach"}},"runAfter":{},"expression":{"equals":["notDebug","notDebug"]},"metadata":{"operationMetadataId":"005ad58e-4c0b-4443-a549-319fe29831a5"},"type":"If"}},"runAfter":{"アレイのフィルター処理":["Succeeded"]},"metadata":{"operationMetadataId":"a8193e61-bac6-4f65-8c48-71908e521de8"},"type":"Foreach"},"PowerApp_または_Flow_に応答する":{"runAfter":{"Apply_to_each_3":["Succeeded"]},"metadata":{"operationMetadataId":"1838adad-cb38-4380-99f7-dcd4276fb83d"},"type":"Response","kind":"PowerApp","inputs":{"statusCode":200,"body":{"result":"true"},"schema":{"type":"object","properties":{"result":{"title":"Result","x-ms-dynamically-added":true,"type":"string"}}}}}},"outputs":{}}},"schemaVersion":"1.0.0.0"}