{"properties":{"connectionReferences":{"shared_office365":{"runtimeSource":"invoker","connection":{"connectionReferenceLogicalName":"ya_sharedoffice365_124a1"},"api":{"name":"shared_office365"}}},"definition":{"$schema":"https://schema.management.azure.com/providers/Microsoft.Logic/schemas/2016-06-01/workflowdefinition.json#","contentVersion":"1.0.0.0","parameters":{"$connections":{"defaultValue":{},"type":"Object"},"$authentication":{"defaultValue":{},"type":"SecureObject"}},"triggers":{"manual":{"metadata":{"operationMetadataId":"2d9107ad-0ed7-45aa-95b6-a164241a2e0d"},"type":"Request","kind":"Button","inputs":{"schema":{"type":"object","properties":{},"required":[]}}}},"actions":{"イベントのカレンダー_ビューの取得_(V3)":{"runAfter":{},"metadata":{"operationMetadataId":"658db0bd-6a76-4689-b1e2-e4b2f602ff82"},"type":"OpenApiConnection","inputs":{"host":{"connectionName":"shared_office365","operationId":"GetEventsCalendarViewV3","apiId":"/providers/Microsoft.PowerApps/apis/shared_office365"},"parameters":{"calendarId":"AQMkAGEyNzg5MzVhLTQ2OTctNDk1YS04OWY4LTk0ZTViNWZlYWQ3NgBGAAADhFFZF6hg80S41bqDRRlluwcAxkvm8_PkJUmaYBvYm8XmAQAAAgEGAAAAxkvm8_PkJUmaYBvYm8XmAQAAAk4zAAAA","startDateTimeUtc":"@addHours(utcNow(), -9, 'yyyy-MM-ddTHH:00:00Z')","endDateTimeUtc":"@addHours(utcNow(), 15, 'yyyy-MM-ddTHH:00:00Z')"},"authentication":{"type":"Raw","value":"@json(decodeBase64(triggerOutputs().headers['X-MS-APIM-Tokens']))['$ConnectionKey']"}}},"Apply_to_each":{"foreach":"@outputs('イベントのカレンダー_ビューの取得_(V3)')?['body/value']","actions":{"イベントの削除_(V2)":{"runAfter":{},"metadata":{"operationMetadataId":"fe9dc267-3b2c-435e-9c91-2e0045827850"},"type":"OpenApiConnection","inputs":{"host":{"connectionName":"shared_office365","operationId":"CalendarDeleteItem_V2","apiId":"/providers/Microsoft.PowerApps/apis/shared_office365"},"parameters":{"calendar":"AQMkAGEyNzg5MzVhLTQ2OTctNDk1YS04OWY4LTk0ZTViNWZlYWQ3NgBGAAADhFFZF6hg80S41bqDRRlluwcAxkvm8_PkJUmaYBvYm8XmAQAAAgEGAAAAxkvm8_PkJUmaYBvYm8XmAQAAAk4zAAAA","event":"@items('Apply_to_each')?['id']"},"authentication":{"type":"Raw","value":"@json(decodeBase64(triggerOutputs().headers['X-MS-APIM-Tokens']))['$ConnectionKey']"}}}},"runAfter":{"イベントのカレンダー_ビューの取得_(V3)":["Succeeded"]},"metadata":{"operationMetadataId":"f8eb4a26-552a-4e9e-bb4a-44acbe51e8b7"},"type":"Foreach"}},"outputs":{}}},"schemaVersion":"1.0.0.0"}