<ImportExportXml version="9.2.21103.129" SolutionPackageVersion="9.2" languagecode="1041" generatedBy="CrmLive" xmlns:xsi="http://www.w3.org/2001/XMLSchema-instance">
  <SolutionManifest>
    <UniqueName>ConferenceRoomManagementSolution</UniqueName>
    <LocalizedNames>
      <LocalizedName description="ConferenceRoomManagementSolution" languagecode="1041" />
    </LocalizedNames>
    <Descriptions />
    <Version>1.0.0.0</Version>
    <Managed>0</Managed>
    <Publisher>
      <UniqueName>YAA</UniqueName>
      <LocalizedNames>
        <LocalizedName description="YAA" languagecode="1041" />
      </LocalizedNames>
      <Descriptions />
      <EMailAddress xsi:nil="true"></EMailAddress>
      <SupportingWebsiteUrl xsi:nil="true"></SupportingWebsiteUrl>
      <CustomizationPrefix>yaa</CustomizationPrefix>
      <CustomizationOptionValuePrefix>97609</CustomizationOptionValuePrefix>
      <Addresses>
        <Address>
          <AddressNumber>1</AddressNumber>
          <AddressTypeCode>1</AddressTypeCode>
          <City xsi:nil="true"></City>
          <County xsi:nil="true"></County>
          <Country xsi:nil="true"></Country>
          <Fax xsi:nil="true"></Fax>
          <FreightTermsCode xsi:nil="true"></FreightTermsCode>
          <ImportSequenceNumber xsi:nil="true"></ImportSequenceNumber>
          <Latitude xsi:nil="true"></Latitude>
          <Line1 xsi:nil="true"></Line1>
          <Line2 xsi:nil="true"></Line2>
          <Line3 xsi:nil="true"></Line3>
          <Longitude xsi:nil="true"></Longitude>
          <Name xsi:nil="true"></Name>
          <PostalCode xsi:nil="true"></PostalCode>
          <PostOfficeBox xsi:nil="true"></PostOfficeBox>
          <PrimaryContactName xsi:nil="true"></PrimaryContactName>
          <ShippingMethodCode>1</ShippingMethodCode>
          <StateOrProvince xsi:nil="true"></StateOrProvince>
          <Telephone1 xsi:nil="true"></Telephone1>
          <Telephone2 xsi:nil="true"></Telephone2>
          <Telephone3 xsi:nil="true"></Telephone3>
          <TimeZoneRuleVersionNumber xsi:nil="true"></TimeZoneRuleVersionNumber>
          <UPSZone xsi:nil="true"></UPSZone>
          <UTCOffset xsi:nil="true"></UTCOffset>
          <UTCConversionTimeZoneCode xsi:nil="true"></UTCConversionTimeZoneCode>
        </Address>
        <Address>
          <AddressNumber>2</AddressNumber>
          <AddressTypeCode>1</AddressTypeCode>
          <City xsi:nil="true"></City>
          <County xsi:nil="true"></County>
          <Country xsi:nil="true"></Country>
          <Fax xsi:nil="true"></Fax>
          <FreightTermsCode xsi:nil="true"></FreightTermsCode>
          <ImportSequenceNumber xsi:nil="true"></ImportSequenceNumber>
          <Latitude xsi:nil="true"></Latitude>
          <Line1 xsi:nil="true"></Line1>
          <Line2 xsi:nil="true"></Line2>
          <Line3 xsi:nil="true"></Line3>
          <Longitude xsi:nil="true"></Longitude>
          <Name xsi:nil="true"></Name>
          <PostalCode xsi:nil="true"></PostalCode>
          <PostOfficeBox xsi:nil="true"></PostOfficeBox>
          <PrimaryContactName xsi:nil="true"></PrimaryContactName>
          <ShippingMethodCode>1</ShippingMethodCode>
          <StateOrProvince xsi:nil="true"></StateOrProvince>
          <Telephone1 xsi:nil="true"></Telephone1>
          <Telephone2 xsi:nil="true"></Telephone2>
          <Telephone3 xsi:nil="true"></Telephone3>
          <TimeZoneRuleVersionNumber xsi:nil="true"></TimeZoneRuleVersionNumber>
          <UPSZone xsi:nil="true"></UPSZone>
          <UTCOffset xsi:nil="true"></UTCOffset>
          <UTCConversionTimeZoneCode xsi:nil="true"></UTCConversionTimeZoneCode>
        </Address>
      </Addresses>
    </Publisher>
    <RootComponents>
      <RootComponent type="1" schemaName="yaa_mconferenceroom" behavior="0" />
      <RootComponent type="1" schemaName="yaa_mloglevel" behavior="0" />
      <RootComponent type="1" schemaName="yaa_mmap" behavior="0" />
      <RootComponent type="1" schemaName="yaa_mroomstatus" behavior="0" />
      <RootComponent type="1" schemaName="yaa_msettingtype" behavior="0" />
      <RootComponent type="1" schemaName="yaa_psetting" behavior="0" />
      <RootComponent type="1" schemaName="yaa_taccesslog" behavior="0" />
      <RootComponent type="1" schemaName="yaa_teventlog" behavior="0" />
      <RootComponent type="29" id="{01d4564b-4c12-ec11-b6e6-00224867fb3b}" behavior="0" />
      <RootComponent type="29" id="{0b0032c0-7340-ec11-8c62-000d3a40ddc0}" behavior="0" />
      <RootComponent type="29" id="{268ef555-0b44-ec11-8c62-000d3a40ddc0}" behavior="0" />
      <RootComponent type="29" id="{3543bf25-f240-ec11-8c62-000d3a40ddc0}" behavior="0" />
      <RootComponent type="29" id="{a6ec8c00-0644-ec11-8c62-000d3a40ddc0}" behavior="0" />
      <RootComponent type="29" id="{ae5213b1-0344-ec11-8c62-000d3a40ddc0}" behavior="0" />
      <RootComponent type="29" id="{d424dbdb-7340-ec11-8c62-000d3a40ddc0}" behavior="0" />
      <RootComponent type="29" id="{d6774871-bf41-ec11-8c62-000d3a40ddc0}" behavior="0" />
      <RootComponent type="29" id="{eb4fc583-3641-ec11-8c62-000d3a40ddc0}" behavior="0" />
      <RootComponent type="29" id="{fea19c02-1c44-ec11-8c62-000d3a40ddc0}" behavior="0" />
      <RootComponent type="300" schemaName="yaa_conferenceroomapp_51f9c" behavior="0" />
      <RootComponent type="300" schemaName="yaa_reservation_2625b" behavior="0" />
      <RootComponent type="431" schemaName="yaa_mconferenceroom yaa_thumbnail" behavior="0" />
      <RootComponent type="431" schemaName="yaa_mroomstatus yaa_icon" behavior="0" />
      <RootComponent type="432" schemaName="yaa_mconferenceroom" behavior="0" />
      <RootComponent type="432" schemaName="yaa_mroomstatus" behavior="0" />
    </RootComponents>
    <MissingDependencies>
      <MissingDependency>
        <Required type="connectionreference" displayName="ya_sharedcommondataserviceforapps_be81b" solution="Active" id.connectionreferencelogicalname="ya_sharedcommondataserviceforapps_be81b" />
        <Dependent type="29" displayName="InitializeMConferenceRoom" id="{3543bf25-f240-ec11-8c62-000d3a40ddc0}" />
      </MissingDependency>
      <MissingDependency>
        <Required type="connectionreference" displayName="ya_sharedcommondataserviceforapps_be81b" solution="Active" id.connectionreferencelogicalname="ya_sharedcommondataserviceforapps_be81b" />
        <Dependent type="29" displayName="DeleteEvent" id="{a6ec8c00-0644-ec11-8c62-000d3a40ddc0}" />
      </MissingDependency>
      <MissingDependency>
        <Required type="connectionreference" displayName="ya_sharedcommondataserviceforapps_be81b" solution="Active" id.connectionreferencelogicalname="ya_sharedcommondataserviceforapps_be81b" />
        <Dependent type="29" displayName="GetRoomDetails" id="{ae5213b1-0344-ec11-8c62-000d3a40ddc0}" />
      </MissingDependency>
      <MissingDependency>
        <Required type="connectionreference" displayName="ya_sharedcommondataserviceforapps_be81b" solution="Active" id.connectionreferencelogicalname="ya_sharedcommondataserviceforapps_be81b" />
        <Dependent type="29" displayName="WriteLog" id="{d424dbdb-7340-ec11-8c62-000d3a40ddc0}" />
      </MissingDependency>
      <MissingDependency>
        <Required type="connectionreference" displayName="ya_sharedcommondataserviceforapps_be81b" solution="Active" id.connectionreferencelogicalname="ya_sharedcommondataserviceforapps_be81b" />
        <Dependent type="29" displayName="GetUsersEvents" id="{eb4fc583-3641-ec11-8c62-000d3a40ddc0}" />
      </MissingDependency>
      <MissingDependency>
        <Required type="connectionreference" displayName="ya_sharedcommondataserviceforapps_be81b" solution="Active" id.connectionreferencelogicalname="ya_sharedcommondataserviceforapps_be81b" />
        <Dependent type="29" displayName="EnterRoom" id="{fea19c02-1c44-ec11-8c62-000d3a40ddc0}" />
      </MissingDependency>
      <MissingDependency>
        <Required type="connectionreference" displayName="ya_sharedoffice365_124a1" solution="Active" id.connectionreferencelogicalname="ya_sharedoffice365_124a1" />
        <Dependent type="29" displayName="InitializeMConferenceRoom" id="{3543bf25-f240-ec11-8c62-000d3a40ddc0}" />
      </MissingDependency>
      <MissingDependency>
        <Required type="connectionreference" displayName="ya_sharedoffice365users_30dcf" solution="Active" id.connectionreferencelogicalname="ya_sharedoffice365users_30dcf" />
        <Dependent type="29" displayName="WriteLog" id="{d424dbdb-7340-ec11-8c62-000d3a40ddc0}" />
      </MissingDependency>
    </MissingDependencies>
  </SolutionManifest>
</ImportExportXml>