{"name":"a43b2f5b-a4ac-421c-af5c-dde7455bb352","id":"/providers/Microsoft.Flow/flows/a43b2f5b-a4ac-421c-af5c-dde7455bb352","type":"Microsoft.Flow/flows","properties":{"apiId":"/providers/Microsoft.PowerApps/apis/shared_logicflows","displayName":"GetPresences_bak","definition":{"metadata":{"workflowEntityId":null,"processAdvisorMetadata":null,"flowclientsuspensionreason":"None","flowclientsuspensiontime":null,"creator":{"id":"da0e9c97-68b9-4bfd-92df-fcd204db19a2","type":"User","tenantId":"6ac40006-b6fe-4b12-951f-4825b5bb21d4"},"provisioningMethod":"FromDefinition","failureAlertSubscription":true,"clientLastModifiedTime":"2021-11-18T13:27:52.5817027Z"},"$schema":"https://schema.management.azure.com/providers/Microsoft.Logic/schemas/2016-06-01/workflowdefinition.json#","contentVersion":"1.0.0.0","parameters":{"$connections":{"defaultValue":{},"type":"Object"},"$authentication":{"defaultValue":{},"type":"SecureObject"}},"triggers":{"manual":{"metadata":{"operationMetadataId":"52becf51-5848-4b4c-bba5-5986bbedbe32"},"type":"Request","kind":"PowerAppV2","inputs":{"schema":{"type":"object","properties":{},"required":[]}}}},"actions":{"ユーザーの検索_(V2)":{"runAfter":{},"metadata":{"operationMetadataId":"22c2b97d-7a93-4dd7-80e7-8614f30f113d"},"type":"OpenApiConnection","inputs":{"host":{"apiId":"/providers/Microsoft.PowerApps/apis/shared_office365users","connectionName":"shared_office365users","operationId":"SearchUserV2"},"parameters":{},"authentication":{"value":"@json(decodeBase64(triggerOutputs().headers['X-MS-APIM-Tokens']))['$ConnectionKey']","type":"Raw"}}},"変数を初期化する":{"runAfter":{"ユーザーの検索_(V2)":["Succeeded"]},"metadata":{"operationMetadataId":"1fb138e2-0676-4adc-8a7b-07aa125e943c"},"type":"InitializeVariable","inputs":{"variables":[{"name":"UserIdsArray","type":"array"}]}},"Apply_to_each":{"foreach":"@outputs('ユーザーの検索_(V2)')?['body/value']","actions":{"配列変数に追加":{"runAfter":{},"metadata":{"operationMetadataId":"75d44ae7-22fd-4240-a994-a29b839db20c"},"type":"AppendToArrayVariable","inputs":{"name":"UserIdsArray","value":"@items('Apply_to_each')?['Id']"}},"配列変数に追加_2":{"runAfter":{"配列変数に追加":["Succeeded"]},"metadata":{"operationMetadataId":"75d44ae7-22fd-4240-a994-a29b839db20c"},"type":"AppendToArrayVariable","inputs":{"name":"UsersArray","value":{"id":"@{items('Apply_to_each')?['Id']}","upn":"@{items('Apply_to_each')?['Mail']}","body":"@items('Apply_to_each')"}}}},"runAfter":{"変数を初期化する_2":["Succeeded"]},"metadata":{"operationMetadataId":"454ddf89-d2c7-42bc-9f9a-af7a40335e8f"},"type":"Foreach"},"作成":{"runAfter":{"Apply_to_each":["Succeeded"]},"metadata":{"operationMetadataId":"512fee72-5a3c-4589-adb5-777aa1d1ba25"},"type":"Compose","inputs":"@variables('UserIdsArray')"},"JSON_の解析":{"runAfter":{"GetUsersPresences":["Succeeded"]},"metadata":{"operationMetadataId":"851c10fb-7275-4fb4-84da-f40be1dd8ebc"},"type":"ParseJson","inputs":{"content":"@body('GetUsersPresences')","schema":{"type":"object","properties":{"@@odata.context":{"type":"string"},"value":{"type":"array","items":{"type":"object","properties":{"@@odata.type":{"type":"string"},"id":{"type":"string"},"availability":{"type":"string"},"activity":{"type":"string"}},"required":["@@odata.type","id","availability","activity"]}}}}}},"応答":{"runAfter":{"JSON_の解析":["Succeeded"]},"metadata":{"operationMetadataId":"fee68431-8f45-41b0-ac15-f0fef8310527"},"type":"Response","kind":"Http","inputs":{"statusCode":200,"body":{"body":"@body('GetUsersPresences')","users":"@variables('UsersArray')"},"schema":{"type":"object","properties":{"body":{"type":"object","properties":{"@@odata.context":{"type":"string"},"value":{"type":"array","items":{"type":"object","properties":{"@@odata.type":{"type":"string"},"id":{"type":"string"},"availability":{"type":"string"},"activity":{"type":"string"}},"required":["@@odata.type","id","availability","activity"]}}}},"users":{"type":"array","items":{"type":"object","properties":{"id":{"type":"string"},"upn":{"type":"string"},"body":{"type":"object","properties":{"Id":{"type":"string"},"AccountEnabled":{"type":"boolean"},"BusinessPhones":{"type":"array","items":{"type":"string"}},"City":{"type":"string"},"Country":{"type":"string"},"Department":{"type":"string"},"DisplayName":{"type":"string"},"GivenName":{"type":"string"},"JobTitle":{"type":"string"},"Mail":{"type":"string"},"MailNickname":{"type":"string"},"OfficeLocation":{"type":"string"},"PostalCode":{"type":"string"},"Surname":{"type":"string"},"UserPrincipalName":{"type":"string"}}}},"required":["id","upn","body"]}}}}}},"変数を初期化する_2":{"runAfter":{"変数を初期化する":["Succeeded"]},"metadata":{"operationMetadataId":"1fb138e2-0676-4adc-8a7b-07aa125e943c"},"type":"InitializeVariable","inputs":{"variables":[{"name":"UsersArray","type":"array"}]}},"GetUsersPresences":{"runAfter":{"作成":["Succeeded"]},"metadata":{"operationMetadataId":"6c87edcd-01ad-41e4-b5ea-2c8fa8fdd97b"},"type":"OpenApiConnection","inputs":{"host":{"apiId":"/providers/Microsoft.PowerApps/apis/shared_getpresenceconnector-5fbak-5f01c647c33275b153-5f65cd7146cf59a18b","connectionName":"shared_getpresenceconnector-5fbak-5f01c647c33275b153-5f65cd7146cf59a18b","operationId":"GetUsersPresences"},"parameters":{"Content-Type":"application/json","body/ids":"@outputs('作成')"},"authentication":{"value":"@json(decodeBase64(triggerOutputs().headers['X-MS-APIM-Tokens']))['$ConnectionKey']","type":"Raw"}}}},"outputs":{}},"connectionReferences":{"shared_office365users":{"connectionName":"52b0ee8b58c24f8eb8208c19f829a66b","source":"Invoker","id":"/providers/Microsoft.PowerApps/apis/shared_office365users","tier":"NotSpecified"},"shared_getpresenceconnector-5fbak-5f01c647c33275b153-5f65cd7146cf59a18b":{"connectionName":"shared-getpresenceco-0e9cad3f-c97a-4977-903d-b980-abafa922","source":"Invoker","id":"/providers/Microsoft.PowerApps/apis/shared_getpresenceconnector-5fbak-5f01c647c33275b153-5f65cd7146cf59a18b","tier":"NotSpecified"}},"flowFailureAlertSubscribed":false}}