{"properties":{"connectionReferences":{},"definition":{"$schema":"https://schema.management.azure.com/providers/Microsoft.Logic/schemas/2016-06-01/workflowdefinition.json#","contentVersion":"1.0.0.0","parameters":{"$authentication":{"defaultValue":{},"type":"SecureObject"}},"triggers":{"manual":{"metadata":{"operationMetadataId":"18f66528-c0fa-47c8-85e8-1ee598f49f1b"},"type":"Request","kind":"PowerAppV2","inputs":{"schema":{"type":"object","properties":{"text":{"title":"ConferenceRoomEmail","type":"string","x-ms-dynamically-added":true,"description":"会議室メールアドレスを指定してください","x-ms-content-hint":"TEXT"}},"required":["text"]}}}},"actions":{"PowerApp_または_Flow_に応答する":{"runAfter":{"変数を初期化する":["Succeeded"]},"metadata":{"operationMetadataId":"b918278f-1b09-469d-a02e-67f2fd545cb7"},"type":"Response","kind":"PowerApp","inputs":{"statusCode":200,"body":{"status":"@variables('CurrentStatus')"},"schema":{"type":"object","properties":{"status":{"title":"Status","x-ms-dynamically-added":true,"type":"string"}}}}},"変数を初期化する":{"runAfter":{},"metadata":{"operationMetadataId":"3a52e94d-343f-4bae-80a1-2f000f8c4100"},"type":"InitializeVariable","inputs":{"variables":[{"name":"CurrentStatus","type":"string"}]}}},"outputs":{}}},"schemaVersion":"1.0.0.0"}