{"properties":{"connectionReferences":{"shared_commondataserviceforapps":{"runtimeSource":"embedded","connection":{"connectionReferenceLogicalName":"ya_sharedcommondataserviceforapps_be81b"},"api":{"name":"shared_commondataserviceforapps"}}},"definition":{"$schema":"https://schema.management.azure.com/providers/Microsoft.Logic/schemas/2016-06-01/workflowdefinition.json#","contentVersion":"1.0.0.0","parameters":{"$connections":{"defaultValue":{},"type":"Object"},"$authentication":{"defaultValue":{},"type":"SecureObject"}},"triggers":{"manual":{"metadata":{"operationMetadataId":"18f66528-c0fa-47c8-85e8-1ee598f49f1b"},"type":"Request","kind":"PowerAppV2","inputs":{"schema":{"type":"object","properties":{"text":{"title":"ConferenceRoomEmail","type":"string","x-ms-dynamically-added":true,"description":"会議室メールアドレスを指定してください","x-ms-content-hint":"TEXT"}},"required":["text"]}}}},"actions":{"PowerApp_または_Flow_に応答する":{"runAfter":{"条件":["Succeeded"]},"metadata":{"operationMetadataId":"b918278f-1b09-469d-a02e-67f2fd545cb7"},"type":"Response","kind":"PowerApp","inputs":{"statusCode":200,"body":{"status":"@variables('CurrentStatus')"},"schema":{"type":"object","properties":{"status":{"title":"Status","x-ms-dynamically-added":true,"type":"string"}}}}},"変数CurrentStatusを初期化する":{"runAfter":{},"metadata":{"operationMetadataId":"3a52e94d-343f-4bae-80a1-2f000f8c4100"},"type":"InitializeVariable","inputs":{"variables":[{"name":"CurrentStatus","type":"string"}]}},"tEventLogsの行を一覧にする":{"runAfter":{"変数CurrentStatusを初期化する":["Succeeded"]},"metadata":{"operationMetadataId":"b6bb7e2c-c067-401e-abcb-a87312d31d16"},"type":"OpenApiConnection","inputs":{"host":{"connectionName":"shared_commondataserviceforapps","operationId":"ListRecords","apiId":"/providers/Microsoft.PowerApps/apis/shared_commondataserviceforapps"},"parameters":{"entityName":"yaa_teventlogs","$filter":"yaa_conferenceroomemail eq '@{triggerBody()['text']}'"},"authentication":"@parameters('$authentication')"}},"InUse判定":{"runAfter":{"tEventLogsの行を一覧にする":["Succeeded"]},"metadata":{"operationMetadataId":"e8bf81c7-b114-4052-bc28-50519f2d7c05"},"type":"Query","inputs":{"from":"@outputs('tEventLogsの行を一覧にする')?['body/value']","where":"@and(\n  contains(item(), 'yaa_scheduledstarttime'),\n  contains(item(), 'yaa_scheduledendtime'),\n  contains(item(), 'yaa_actualstarttime'),\n  not(contains(item(), 'yaa_actualendtime')),\n\n  less(item()?['yaa_scheduledstarttime'], utcNow()),\n  greater(item()?['yaa_scheduledendtime'], utcNow()),\n  less(coalesce(item()?['yaa_actualstarttime'], ''), utcNow())\n)"}},"条件":{"actions":{"変数の設定":{"runAfter":{},"metadata":{"operationMetadataId":"53a20f37-b4c9-4b08-95bc-ad27a36cd4ac"},"type":"SetVariable","inputs":{"name":"CurrentStatus","value":"InUse"}}},"runAfter":{"InUse判定":["Succeeded"]},"expression":{"greater":["@length(outputs('InUse判定')?['body'])",0]},"metadata":{"operationMetadataId":"ef01ed72-1fac-47ee-ae65-1d6fd15713c4"},"type":"If"}},"outputs":{}}},"schemaVersion":"1.0.0.0"}