{"properties":{"connectionReferences":{"shared_commondataserviceforapps":{"runtimeSource":"embedded","connection":{"connectionReferenceLogicalName":"ya_sharedcommondataserviceforapps_be81b"},"api":{"name":"shared_commondataserviceforapps"}}},"definition":{"$schema":"https://schema.management.azure.com/providers/Microsoft.Logic/schemas/2016-06-01/workflowdefinition.json#","contentVersion":"1.0.0.0","parameters":{"$connections":{"defaultValue":{},"type":"Object"},"$authentication":{"defaultValue":{},"type":"SecureObject"}},"triggers":{"manual":{"metadata":{"operationMetadataId":"f7593327-2fb6-4cd9-82ee-129eec6769a8"},"type":"Request","kind":"PowerAppV2","inputs":{"schema":{"type":"object","properties":{"text":{"title":"EventID","type":"string","x-ms-dynamically-added":true,"description":"予定IDを指定してください","x-ms-content-hint":"TEXT"},"text_2":{"title":"ICalUId","type":"string","x-ms-dynamically-added":true,"description":"iCalUIdを指定してください","x-ms-content-hint":"TEXT"},"text_4":{"title":"ScheduledStartTime","type":"string","x-ms-dynamically-added":true,"description":"予定開始時刻(UTC)を指定してください (例: 2021-11-01T00:00:00Z)","x-ms-content-hint":"TEXT"},"text_5":{"title":"ScheduledEndTime","type":"string","x-ms-dynamically-added":true,"description":"予定終了時刻(UTC)を指定してください (例: 2021-11-01T01:00:00Z)","x-ms-content-hint":"TEXT"},"text_8":{"title":"ConferenceRoomEmail","type":"string","x-ms-dynamically-added":true,"description":"会議室メールアドレスを指定してください","x-ms-content-hint":"TEXT"},"text_9":{"title":"OrganizerEmail","type":"string","x-ms-dynamically-added":true,"description":"主催者UPNを指定してください","x-ms-content-hint":"TEXT"}},"required":["text","text_2","text_4","text_5","text_8","text_9"]}}}},"actions":{"変数EventIDを初期化する":{"runAfter":{"作成":["Succeeded"]},"metadata":{"operationMetadataId":"0da0fab3-5fea-4960-83d6-9b0056b5722d"},"type":"InitializeVariable","inputs":{"variables":[{"name":"EventID","type":"string","value":"@triggerBody()['text']"}]}},"変数ICalUIdを初期化する":{"runAfter":{"変数EventIDを初期化する":["Succeeded"]},"metadata":{"operationMetadataId":"5631dc04-7d57-4a49-a8a2-909d1ce7e970"},"type":"InitializeVariable","inputs":{"variables":[{"name":"ICalUId","type":"string","value":"@triggerBody()?['text_2']"}]}},"変数ScheduledStartTimeを初期化する":{"runAfter":{"変数ICalUIdを初期化する":["Succeeded"]},"metadata":{"operationMetadataId":"373f024c-6eff-4078-b682-e8fc93acbfaa"},"type":"InitializeVariable","inputs":{"variables":[{"name":"ScheduledStartTime","type":"string","value":"@triggerBody()?['text_4']"}]}},"変数ScheduledEndTimeを初期化する":{"runAfter":{"変数ScheduledStartTimeを初期化する":["Succeeded"]},"metadata":{"operationMetadataId":"a51ce4e3-718b-439e-89f4-13eafde98d58"},"type":"InitializeVariable","inputs":{"variables":[{"name":"ScheduledEndTime","type":"string","value":"@triggerBody()?['text_5']"}]}},"変数ConferenceRoomEmailを初期化する":{"runAfter":{"変数ScheduledEndTimeを初期化する":["Succeeded"]},"metadata":{"operationMetadataId":"fa25c717-c85e-48b3-8eb1-e9abcb402fc0"},"type":"InitializeVariable","inputs":{"variables":[{"name":"ConferenceRoomEmail","type":"string","value":"@triggerBody()?['text_8']"}]}},"変数OrganizerEmailを初期化する":{"runAfter":{"変数ConferenceRoomEmailを初期化する":["Succeeded"]},"metadata":{"operationMetadataId":"2bc9266d-c450-46cb-bc76-c827e62c16f1"},"type":"InitializeVariable","inputs":{"variables":[{"name":"OrganizerEmail","type":"string","value":"@triggerBody()?['text_9']"}]}},"作成":{"runAfter":{},"metadata":{"operationMetadataId":"9027f2bf-5d13-41dc-80ce-2bf13de02767"},"type":"Compose","inputs":"@triggerBody()"},"行を一覧にする":{"runAfter":{"変数OrganizerEmailを初期化する":["Succeeded"]},"metadata":{"operationMetadataId":"dc5a2181-7943-4fa2-96be-374efcf2e96c"},"type":"OpenApiConnection","inputs":{"host":{"connectionName":"shared_commondataserviceforapps","operationId":"ListRecords","apiId":"/providers/Microsoft.PowerApps/apis/shared_commondataserviceforapps"},"parameters":{"entityName":"yaa_teventlogs","$filter":"yaa_logid eq '@{variables('EventID')}'"},"authentication":"@parameters('$authentication')"}},"条件":{"actions":{"新しい行を追加する_3":{"runAfter":{},"metadata":{"operationMetadataId":"9858f506-4f4e-4483-aa15-cbca08f127d1"},"type":"OpenApiConnection","inputs":{"host":{"connectionName":"shared_commondataserviceforapps","operationId":"CreateRecord","apiId":"/providers/Microsoft.PowerApps/apis/shared_commondataserviceforapps"},"parameters":{"entityName":"yaa_teventlogs","item/yaa_conferenceroomemail":"@variables('ConferenceRoomEmail')","item/yaa_logid":"@variables('EventID')","item/yaa_scheduledendtime":"@variables('ScheduledEndTime')","item/yaa_scheduledstarttime":"@variables('ScheduledStartTime')","item/yaa_eventid":"@variables('EventID')","item/yaa_icaluid":"@variables('ICalUId')","item/yaa_organizeremail":"@variables('OrganizerEmail')"},"authentication":"@parameters('$authentication')"}}},"runAfter":{"行を一覧にする":["Succeeded"]},"expression":{"equals":["@length(outputs('行を一覧にする')?['body/value'])",0]},"metadata":{"operationMetadataId":"78c51d0a-4be3-42a0-8e7b-074b6580d418"},"type":"If"}},"outputs":{}}},"schemaVersion":"1.0.0.0"}