{"properties":{"connectionReferences":{"shared_commondataserviceforapps":{"runtimeSource":"embedded","connection":{"connectionReferenceLogicalName":"ya_sharedcommondataserviceforapps_be81b"},"api":{"name":"shared_commondataserviceforapps"}}},"definition":{"$schema":"https://schema.management.azure.com/providers/Microsoft.Logic/schemas/2016-06-01/workflowdefinition.json#","contentVersion":"1.0.0.0","parameters":{"$connections":{"defaultValue":{},"type":"Object"},"$authentication":{"defaultValue":{},"type":"SecureObject"}},"triggers":{"繰り返し":{"recurrence":{"frequency":"Minute","interval":10,"timeZone":"Tokyo Standard Time","startTime":"2021-12-01T18:00:00Z"},"metadata":{"operationMetadataId":"bf829500-1568-40bd-8276-a929214cce43"},"type":"Recurrence"}},"actions":{"変数ClientIDを初期化する":{"runAfter":{"変数TargetDateTimeを初期化する":["Succeeded"]},"metadata":{"operationMetadataId":"e5a3e183-70f0-4bdd-9b06-b18ff66b6a9b"},"type":"InitializeVariable","inputs":{"variables":[{"name":"ClientID","type":"string"}]}},"変数ClientKeyを初期化する":{"runAfter":{"変数ClientIDを初期化する":["Succeeded"]},"metadata":{"operationMetadataId":"04ed8abb-3ab8-41be-bdb0-7c230a465cec"},"type":"InitializeVariable","inputs":{"variables":[{"name":"ClientKey","type":"string"}]}},"変数TenantIDを初期化する":{"runAfter":{"変数ClientKeyを初期化する":["Succeeded"]},"metadata":{"operationMetadataId":"3c825a52-e7fb-48b0-935d-eab3e6e82dfd"},"type":"InitializeVariable","inputs":{"variables":[{"name":"TenantID","type":"string"}]}},"ClientID":{"actions":{"行を一覧にする":{"runAfter":{},"metadata":{"operationMetadataId":"e2ab0fd7-e369-4dd4-82a6-0ac9a9cd4fcb"},"type":"OpenApiConnection","inputs":{"host":{"connectionName":"shared_commondataserviceforapps","operationId":"ListRecords","apiId":"/providers/Microsoft.PowerApps/apis/shared_commondataserviceforapps"},"parameters":{"entityName":"yaa_psettings","$filter":"yaa_key eq 'Goudo/AADApp/ClientID'"},"authentication":"@parameters('$authentication')"}},"Apply_to_each":{"foreach":"@outputs('行を一覧にする')?['body/value']","actions":{"変数の設定":{"runAfter":{},"metadata":{"operationMetadataId":"ee287f4a-c812-465a-8f13-3058d3719463"},"type":"SetVariable","inputs":{"name":"ClientID","value":"@items('Apply_to_each')?['yaa_value']"}}},"runAfter":{"行を一覧にする":["Succeeded"]},"metadata":{"operationMetadataId":"80bda65a-f8d5-4209-a16f-192253c77f0e"},"type":"Foreach"}},"runAfter":{"変数TenantIDを初期化する":["Succeeded"]},"metadata":{"operationMetadataId":"ef042bd7-d055-4bf2-8075-d4d31fcdb642"},"type":"Scope"},"ClientKey":{"actions":{"行を一覧にする_2":{"runAfter":{},"metadata":{"operationMetadataId":"c997cda7-bf3f-4e63-b94d-bb373732765e"},"type":"OpenApiConnection","inputs":{"host":{"connectionName":"shared_commondataserviceforapps","operationId":"ListRecords","apiId":"/providers/Microsoft.PowerApps/apis/shared_commondataserviceforapps"},"parameters":{"entityName":"yaa_psettings","$filter":"yaa_key eq 'Goudo/AADApp/ClientKey'"},"authentication":"@parameters('$authentication')"}},"Apply_to_each_2":{"foreach":"@outputs('行を一覧にする_2')?['body/value']","actions":{"変数の設定_2":{"runAfter":{},"metadata":{"operationMetadataId":"c76116ee-478c-40f1-8bca-265da4257df2"},"type":"SetVariable","inputs":{"name":"ClientKey","value":"@items('Apply_to_each_2')?['yaa_value']"}}},"runAfter":{"行を一覧にする_2":["Succeeded"]},"metadata":{"operationMetadataId":"cfa20fdd-0d38-47ad-ad50-b82b07c6c73c"},"type":"Foreach"}},"runAfter":{"ClientID":["Succeeded"]},"metadata":{"operationMetadataId":"9ccb23c3-4698-428b-ab68-aa2164d2c0a5"},"type":"Scope"},"TenantID":{"actions":{"行を一覧にする_3":{"runAfter":{},"metadata":{"operationMetadataId":"96db68aa-d5eb-4e53-9e68-d5da07ad14e9"},"type":"OpenApiConnection","inputs":{"host":{"connectionName":"shared_commondataserviceforapps","operationId":"ListRecords","apiId":"/providers/Microsoft.PowerApps/apis/shared_commondataserviceforapps"},"parameters":{"entityName":"yaa_psettings","$filter":"yaa_key eq 'Goudo/AADApp/TenantID'"},"authentication":"@parameters('$authentication')"}},"Apply_to_each_3":{"foreach":"@outputs('行を一覧にする_3')?['body/value']","actions":{"変数の設定_3":{"runAfter":{},"metadata":{"operationMetadataId":"53a5758f-35cc-4fc9-9796-a8df47a78dfa"},"type":"SetVariable","inputs":{"name":"TenantID","value":"@items('Apply_to_each_3')?['yaa_value']"}}},"runAfter":{"行を一覧にする_3":["Succeeded"]},"metadata":{"operationMetadataId":"2ef9adc0-b36a-401c-87fd-98918386961a"},"type":"Foreach"}},"runAfter":{"ClientKey":["Succeeded"]},"metadata":{"operationMetadataId":"d595b550-ee67-493f-a73c-3a306008f086"},"type":"Scope"},"mConferenceRooms全件":{"runAfter":{"TenantID":["Succeeded"]},"metadata":{"operationMetadataId":"c3d36ab1-6dc7-486c-a9c4-4ba6110319ea"},"type":"OpenApiConnection","inputs":{"host":{"connectionName":"shared_commondataserviceforapps","operationId":"ListRecords","apiId":"/providers/Microsoft.PowerApps/apis/shared_commondataserviceforapps"},"parameters":{"entityName":"yaa_mconferencerooms","$filter":"yaa_email ne null"},"authentication":"@parameters('$authentication')"}},"Apply_to_each_conference_room":{"foreach":"@outputs('mConferenceRooms全件')?['body/value']","actions":{"HTTP":{"runAfter":{},"metadata":{"operationMetadataId":"f2d91140-0324-4eb9-91d7-a04c23104933"},"type":"Http","inputs":{"method":"GET","uri":"https://graph.microsoft.com/v1.0/users/@{items('Apply_to_each_conference_room')?['yaa_email']}/calendar/calendarView?startDateTime=@{variables('TargetDateTime')}%2b00:00&endDateTime=@{variables('TargetDateTime')}%2b00:00","headers":{"Prefer":"outlook.timezone=\"Etc/GMT\""},"authentication":{"type":"ActiveDirectoryOAuth","tenant":"@variables('TenantID')","audience":"https://graph.microsoft.com","clientId":"@variables('ClientID')","secret":"@variables('ClientKey')"}}},"JSON_の解析":{"runAfter":{"HTTP":["Succeeded"]},"metadata":{"operationMetadataId":"ffa8744b-4f22-4c2e-a97a-d6be29309283"},"type":"ParseJson","inputs":{"content":"@body('HTTP')","schema":{"type":"object","properties":{"@@odata.context":{"type":"string"},"value":{"type":"array","items":{"type":"object","properties":{"@@odata.etag":{"type":"string"},"id":{"type":"string"},"createdDateTime":{"type":"string"},"lastModifiedDateTime":{"type":"string"},"changeKey":{"type":"string"},"categories":{"type":"array"},"transactionId":{},"originalStartTimeZone":{"type":"string"},"originalEndTimeZone":{"type":"string"},"iCalUId":{"type":"string"},"reminderMinutesBeforeStart":{"type":"integer"},"isReminderOn":{"type":"boolean"},"hasAttachments":{"type":"boolean"},"subject":{"type":"string"},"bodyPreview":{"type":"string"},"importance":{"type":"string"},"sensitivity":{"type":"string"},"isAllDay":{"type":"boolean"},"isCancelled":{"type":"boolean"},"isOrganizer":{"type":"boolean"},"responseRequested":{"type":"boolean"},"seriesMasterId":{},"showAs":{"type":"string"},"type":{"type":"string"},"webLink":{"type":"string"},"onlineMeetingUrl":{},"isOnlineMeeting":{"type":"boolean"},"onlineMeetingProvider":{"type":"string"},"allowNewTimeProposals":{"type":"boolean"},"occurrenceId":{},"isDraft":{"type":"boolean"},"hideAttendees":{"type":"boolean"},"responseStatus":{"type":"object","properties":{"response":{"type":"string"},"time":{"type":"string"}}},"body":{"type":"object","properties":{"contentType":{"type":"string"},"content":{"type":"string"}}},"start":{"type":"object","properties":{"dateTime":{"type":"string"},"timeZone":{"type":"string"}}},"end":{"type":"object","properties":{"dateTime":{"type":"string"},"timeZone":{"type":"string"}}},"location":{"type":"object","properties":{"displayName":{"type":"string"},"locationType":{"type":"string"},"uniqueId":{"type":"string"},"uniqueIdType":{"type":"string"}}},"locations":{"type":"array","items":{"type":"object","properties":{"displayName":{"type":"string"},"locationType":{"type":"string"},"uniqueId":{"type":"string"},"uniqueIdType":{"type":"string"}},"required":["displayName","locationType","uniqueId","uniqueIdType"]}},"recurrence":{},"attendees":{"type":"array","items":{"type":"object","properties":{"type":{"type":"string"},"status":{"type":"object","properties":{"response":{"type":"string"},"time":{"type":"string"}}},"emailAddress":{"type":"object","properties":{"name":{"type":"string"},"address":{"type":"string"}}}},"required":["type","status","emailAddress"]}},"organizer":{"type":"object","properties":{"emailAddress":{"type":"object","properties":{"name":{"type":"string"},"address":{"type":"string"}}}}},"onlineMeeting":{}},"required":["@@odata.etag","id","createdDateTime","lastModifiedDateTime","changeKey","categories","transactionId","originalStartTimeZone","originalEndTimeZone","iCalUId","reminderMinutesBeforeStart","isReminderOn","hasAttachments","subject","bodyPreview","importance","sensitivity","isAllDay","isCancelled","isOrganizer","responseRequested","seriesMasterId","showAs","type","webLink","onlineMeetingUrl","isOnlineMeeting","onlineMeetingProvider","allowNewTimeProposals","occurrenceId","isDraft","hideAttendees","responseStatus","body","start","end","location","locations","recurrence","attendees","organizer","onlineMeeting"]}}}}}},"アレイのフィルター処理TargetDateTime":{"runAfter":{"JSON_の解析":["Succeeded"]},"metadata":{"operationMetadataId":"2146d36f-3bf8-4062-a8a2-3bd6a1c464d0"},"type":"Query","inputs":{"from":"@body('JSON_の解析')?['value']","where":"@startsWith(item()?['start']?['dateTime'], variables('TargetDateTime'))"}},"条件_2":{"actions":{"Apply_to_each_filtered_event":{"foreach":"@body('アレイのフィルター処理TargetDateTime')","actions":{"tEventLogsをLogIDで絞り込み":{"runAfter":{},"metadata":{"operationMetadataId":"dc5a2181-7943-4fa2-96be-374efcf2e96c"},"type":"OpenApiConnection","inputs":{"host":{"connectionName":"shared_commondataserviceforapps","operationId":"ListRecords","apiId":"/providers/Microsoft.PowerApps/apis/shared_commondataserviceforapps"},"parameters":{"entityName":"yaa_teventlogs","$filter":"yaa_logid eq '@{items('Apply_to_each_filtered_event')?['id']}'"},"authentication":"@parameters('$authentication')"}},"条件":{"actions":{"tEventLogsに新しい行を追加する":{"runAfter":{},"metadata":{"operationMetadataId":"9858f506-4f4e-4483-aa15-cbca08f127d1"},"type":"OpenApiConnection","inputs":{"host":{"connectionName":"shared_commondataserviceforapps","operationId":"CreateRecord","apiId":"/providers/Microsoft.PowerApps/apis/shared_commondataserviceforapps"},"parameters":{"entityName":"yaa_teventlogs","item/yaa_conferenceroomemail":"@items('Apply_to_each_filtered_event')?['location']?['uniqueId']","item/yaa_logid":"@items('Apply_to_each_filtered_event')?['id']","item/yaa_scheduledendtime":"@items('Apply_to_each_filtered_event')?['end']?['dateTime']","item/yaa_scheduledstarttime":"@items('Apply_to_each_filtered_event')?['start']?['dateTime']","item/yaa_autocanceled":false,"item/yaa_eventid":"@items('Apply_to_each_filtered_event')?['id']","item/yaa_icaluid":"@items('Apply_to_each_filtered_event')?['iCalUId']","item/yaa_manualcanceled":false,"item/yaa_organizeremail":"@items('Apply_to_each_filtered_event')?['organizer']?['emailAddress']?['address']"},"authentication":"@parameters('$authentication')"}}},"runAfter":{"tEventLogsをLogIDで絞り込み":["Succeeded"]},"expression":{"equals":["@length(outputs('tEventLogsをLogIDで絞り込み')?['body/value'])",0]},"metadata":{"operationMetadataId":"78c51d0a-4be3-42a0-8e7b-074b6580d418"},"type":"If"}},"runAfter":{},"metadata":{"operationMetadataId":"17723cd5-29eb-40b9-8dca-227a1bb431e8"},"type":"Foreach"}},"runAfter":{"アレイのフィルター処理TargetDateTime":["Succeeded"]},"expression":{"greater":["@length(body('アレイのフィルター処理TargetDateTime'))",0]},"metadata":{"operationMetadataId":"8175ca67-4a7a-481b-9983-a1ecd7b18078"},"type":"If"}},"runAfter":{"mConferenceRooms全件":["Succeeded"]},"metadata":{"operationMetadataId":"e8351eb2-a8a2-4519-83f3-235474bba03a"},"type":"Foreach"},"変数RunAtを初期化する":{"runAfter":{"現在の時刻":["Succeeded"]},"metadata":{"operationMetadataId":"f8b39f00-abb3-4cff-899d-fb1c0dab049f"},"type":"InitializeVariable","inputs":{"variables":[{"name":"RunAt","type":"object","value":{"datetime":"@body('現在の時刻')","year":"@formatDateTime(body('現在の時刻'),'yyyy')","month":"@formatDateTime(body('現在の時刻'),'MM')","day":"@formatDateTime(body('現在の時刻'),'dd')","hour":"@formatDateTime(body('現在の時刻'),'hh')","minute":"@formatDateTime(body('現在の時刻'),'mm')","min10":"@formatNumber(mul(10, int(div(int(formatDateTime(body('現在の時刻'),'mm')), 10))), '00')"}}]}},"現在の時刻":{"runAfter":{},"metadata":{"operationMetadataId":"009b49b5-54ff-4154-99f8-9fe6a2266c57"},"type":"Expression","kind":"CurrentTime","inputs":{}},"RunAtの解析":{"runAfter":{"変数RunAtを初期化する":["Succeeded"]},"metadata":{"operationMetadataId":"43ddb049-fc8c-4b1a-95a9-de229af93e89"},"type":"ParseJson","inputs":{"content":"@variables('RunAt')","schema":{"type":"object","properties":{"datetime":{"type":"string"},"year":{"type":"string"},"month":{"type":"string"},"day":{"type":"string"},"hour":{"type":"string"},"minute":{"type":"string"},"min10":{"type":"string"}}}}},"変数TargetDateTimeを初期化する":{"runAfter":{"変数BaseDateTimeを初期化する":["Succeeded"]},"metadata":{"operationMetadataId":"9d2e8ac3-370b-424a-b0d0-2daa39ad419d"},"type":"InitializeVariable","inputs":{"variables":[{"name":"TargetDateTime","type":"string","value":"@{addMinutes(variables('BaseDateTime'), 10, 'yyyy-MM-ddThh:mm:ss')}"}]}},"変数BaseDateTimeを初期化する":{"runAfter":{"RunAtの解析":["Succeeded"]},"metadata":{"operationMetadataId":"14227bb6-66a1-4a7e-9411-4b2db15a0088"},"type":"InitializeVariable","inputs":{"variables":[{"name":"BaseDateTime","type":"string","value":"@{body('RunAtの解析')?['year']}-@{body('RunAtの解析')?['month']}-@{body('RunAtの解析')?['day']}T@{body('RunAtの解析')?['hour']}:@{body('RunAtの解析')?['min10']}:00"}]}}},"outputs":{}}},"schemaVersion":"1.0.0.0"}