{"properties":{"connectionReferences":{"shared_commondataserviceforapps":{"runtimeSource":"embedded","connection":{"connectionReferenceLogicalName":"ya_sharedcommondataserviceforapps_be81b"},"api":{"name":"shared_commondataserviceforapps"}}},"definition":{"$schema":"https://schema.management.azure.com/providers/Microsoft.Logic/schemas/2016-06-01/workflowdefinition.json#","contentVersion":"1.0.0.0","parameters":{"$connections":{"defaultValue":{},"type":"Object"},"$authentication":{"defaultValue":{},"type":"SecureObject"}},"triggers":{"manual":{"metadata":{"operationMetadataId":"f49792cb-a57d-4a53-94f2-bd94c22427d7"},"type":"Request","kind":"PowerAppV2","inputs":{"schema":{"type":"object","properties":{"text":{"title":"ID","type":"string","x-ms-dynamically-added":true,"description":"ID / UPNを指定してください","x-ms-content-hint":"TEXT"},"text_1":{"title":"EventID","type":"string","x-ms-dynamically-added":true,"description":"予定IDを指定してください","x-ms-content-hint":"TEXT"}},"required":["text","text_1"]}}}},"actions":{"変数IDを初期化する":{"runAfter":{},"metadata":{"operationMetadataId":"f3e93cbd-11c6-4503-9177-65f87b02da2b"},"type":"InitializeVariable","inputs":{"variables":[{"name":"ID","type":"string","value":"@triggerBody()['text']"}]}},"変数EventIDを初期化する":{"runAfter":{"変数IDを初期化する":["Succeeded"]},"metadata":{"operationMetadataId":"11fc1a55-36ed-4708-94a2-385e20a86490"},"type":"InitializeVariable","inputs":{"variables":[{"name":"EventID","type":"string","value":"@triggerBody()['text_1']"}]}},"変数ClientIDを初期化する":{"runAfter":{"変数EventIDを初期化する":["Succeeded"]},"metadata":{"operationMetadataId":"e5a3e183-70f0-4bdd-9b06-b18ff66b6a9b"},"type":"InitializeVariable","inputs":{"variables":[{"name":"ClientID","type":"string"}]}},"変数ClientKeyを初期化する":{"runAfter":{"変数ClientIDを初期化する":["Succeeded"]},"metadata":{"operationMetadataId":"04ed8abb-3ab8-41be-bdb0-7c230a465cec"},"type":"InitializeVariable","inputs":{"variables":[{"name":"ClientKey","type":"string"}]}},"HTTP":{"runAfter":{"TenantID":["Succeeded"]},"metadata":{"operationMetadataId":"f2d91140-0324-4eb9-91d7-a04c23104933"},"type":"Http","inputs":{"method":"DELETE","uri":"https://graph.microsoft.com/v1.0/users/@{variables('ID')}/events/@{variables('EventID')}","headers":{"Prefer":"outlook.timezone=\"Asia/Tokyo\""},"authentication":{"type":"ActiveDirectoryOAuth","tenant":"@variables('TenantID')","audience":"https://graph.microsoft.com","clientId":"@variables('ClientID')","secret":"@variables('ClientKey')"}}},"条件":{"actions":{"JSON_の解析":{"runAfter":{},"metadata":{"operationMetadataId":"fadfaed5-fcbf-4030-a22a-5d3bbdbe60f1"},"type":"ParseJson","inputs":{"content":"@body('HTTP')","schema":{"type":"object","properties":{"@@odata.context":{"type":"string"},"value":{"type":"array","items":{"type":"object","properties":{"@@odata.etag":{"type":"string"},"id":{"type":"string"},"createdDateTime":{"type":"string"},"lastModifiedDateTime":{"type":"string"},"changeKey":{"type":"string"},"categories":{"type":"array"},"transactionId":{},"originalStartTimeZone":{"type":"string"},"originalEndTimeZone":{"type":"string"},"iCalUId":{"type":"string"},"reminderMinutesBeforeStart":{"type":"integer"},"isReminderOn":{"type":"boolean"},"hasAttachments":{"type":"boolean"},"subject":{"type":"string"},"bodyPreview":{"type":"string"},"importance":{"type":"string"},"sensitivity":{"type":"string"},"isAllDay":{"type":"boolean"},"isCancelled":{"type":"boolean"},"isOrganizer":{"type":"boolean"},"responseRequested":{"type":"boolean"},"seriesMasterId":{},"showAs":{"type":"string"},"type":{"type":"string"},"webLink":{"type":"string"},"onlineMeetingUrl":{},"isOnlineMeeting":{"type":"boolean"},"onlineMeetingProvider":{"type":"string"},"allowNewTimeProposals":{"type":"boolean"},"isDraft":{"type":"boolean"},"hideAttendees":{"type":"boolean"},"responseStatus":{"type":"object","properties":{"response":{"type":"string"},"time":{"type":"string"}}},"body":{"type":"object","properties":{"contentType":{"type":"string"},"content":{"type":"string"}}},"start":{"type":"object","properties":{"dateTime":{"type":"string"},"timeZone":{"type":"string"}}},"end":{"type":"object","properties":{"dateTime":{"type":"string"},"timeZone":{"type":"string"}}},"location":{"type":"object","properties":{"displayName":{"type":"string"},"locationType":{"type":"string"},"uniqueId":{"type":"string"},"uniqueIdType":{"type":"string"}}},"locations":{"type":"array","items":{"type":"object","properties":{"displayName":{"type":"string"},"locationType":{"type":"string"},"uniqueId":{"type":"string"},"uniqueIdType":{"type":"string"}},"required":["displayName","locationType","uniqueId","uniqueIdType"]}},"recurrence":{},"attendees":{"type":"array","items":{"type":"object","properties":{"type":{"type":"string"},"status":{"type":"object","properties":{"response":{"type":"string"},"time":{"type":"string"}}},"emailAddress":{"type":"object","properties":{"name":{"type":"string"},"address":{"type":"string"}}}},"required":["type","status","emailAddress"]}},"organizer":{"type":"object","properties":{"emailAddress":{"type":"object","properties":{"name":{"type":"string"},"address":{"type":"string"}}}}},"onlineMeeting":{}},"required":["@@odata.etag","id","createdDateTime","lastModifiedDateTime","changeKey","categories","transactionId","originalStartTimeZone","originalEndTimeZone","iCalUId","reminderMinutesBeforeStart","isReminderOn","hasAttachments","subject","bodyPreview","importance","sensitivity","isAllDay","isCancelled","isOrganizer","responseRequested","seriesMasterId","showAs","type","webLink","onlineMeetingUrl","isOnlineMeeting","onlineMeetingProvider","allowNewTimeProposals","isDraft","hideAttendees","responseStatus","body","start","end","location","locations","recurrence","attendees","organizer","onlineMeeting"]}}}}}},"応答":{"runAfter":{"JSON_の解析":["Succeeded"]},"metadata":{"operationMetadataId":"3cf63a5f-d5aa-436e-9218-ef22b1224ab4"},"type":"Response","kind":"Http","inputs":{"statusCode":200,"body":"@body('JSON_の解析')?['value']","schema":{"type":"array","items":{"type":"object","properties":{"@@odata.etag":{"type":"string"},"id":{"type":"string"},"createdDateTime":{"type":"string"},"lastModifiedDateTime":{"type":"string"},"changeKey":{"type":"string"},"categories":{"type":"array"},"transactionId":{},"originalStartTimeZone":{"type":"string"},"originalEndTimeZone":{"type":"string"},"iCalUId":{"type":"string"},"reminderMinutesBeforeStart":{"type":"integer"},"isReminderOn":{"type":"boolean"},"hasAttachments":{"type":"boolean"},"subject":{"type":"string"},"bodyPreview":{"type":"string"},"importance":{"type":"string"},"sensitivity":{"type":"string"},"isAllDay":{"type":"boolean"},"isCancelled":{"type":"boolean"},"isOrganizer":{"type":"boolean"},"responseRequested":{"type":"boolean"},"seriesMasterId":{},"showAs":{"type":"string"},"type":{"type":"string"},"webLink":{"type":"string"},"onlineMeetingUrl":{},"isOnlineMeeting":{"type":"boolean"},"onlineMeetingProvider":{"type":"string"},"allowNewTimeProposals":{"type":"boolean"},"recurrence":{},"onlineMeeting":{},"responseStatus":{"type":"object","properties":{"response":{"type":"string"},"time":{"type":"string"}}},"body":{"type":"object","properties":{"contentType":{"type":"string"},"content":{"type":"string"}}},"start":{"type":"object","properties":{"dateTime":{"type":"string"},"timeZone":{"type":"string"}}},"end":{"type":"object","properties":{"dateTime":{"type":"string"},"timeZone":{"type":"string"}}},"location":{"type":"object","properties":{"displayName":{"type":"string"},"locationUri":{"type":"string"},"locationType":{"type":"string"},"uniqueId":{"type":"string"},"uniqueIdType":{"type":"string"},"address":{"type":"object","properties":{"street":{"type":"string"},"city":{"type":"string"},"state":{"type":"string"},"countryOrRegion":{"type":"string"},"postalCode":{"type":"string"}}},"coordinates":{"type":"object","properties":{}}}},"locations":{"type":"array","items":{"type":"object","properties":{"displayName":{"type":"string"},"locationUri":{"type":"string"},"locationType":{"type":"string"},"uniqueId":{"type":"string"},"uniqueIdType":{"type":"string"},"address":{"type":"object","properties":{"street":{"type":"string"},"city":{"type":"string"},"state":{"type":"string"},"countryOrRegion":{"type":"string"},"postalCode":{"type":"string"}}},"coordinates":{"type":"object","properties":{}}},"required":["displayName","locationUri","locationType","uniqueId","uniqueIdType","address","coordinates"]}},"attendees":{"type":"array","items":{"type":"object","properties":{"type":{"type":"string"},"status":{"type":"object","properties":{"response":{"type":"string"},"time":{"type":"string"}}},"emailAddress":{"type":"object","properties":{"name":{"type":"string"},"address":{"type":"string"}}}},"required":["type","status","emailAddress"]}},"organizer":{"type":"object","properties":{"emailAddress":{"type":"object","properties":{"name":{"type":"string"},"address":{"type":"string"}}}}}},"required":["id"]}}}}},"runAfter":{"HTTP":["Succeeded"]},"else":{"actions":{"応答_2":{"runAfter":{},"metadata":{"operationMetadataId":"9d2c3f1e-fc0a-45c2-802a-c60590fd81ff"},"type":"Response","kind":"Http","inputs":{"statusCode":"@outputs('HTTP')['statusCode']"}}}},"expression":{"equals":["@outputs('HTTP')['statusCode']",200]},"metadata":{"operationMetadataId":"53173329-c0e4-4676-b3d7-702eb35d5a60"},"type":"If"},"応答_3":{"runAfter":{"HTTP":["Failed","TimedOut"]},"metadata":{"operationMetadataId":"8b6e1ba0-2b53-4aa9-beaa-2e58fe12167f"},"type":"Response","kind":"Http","inputs":{"statusCode":"@outputs('HTTP')['statusCode']"}},"変数TenantIDを初期化する":{"runAfter":{"変数ClientKeyを初期化する":["Succeeded"]},"metadata":{"operationMetadataId":"3c825a52-e7fb-48b0-935d-eab3e6e82dfd"},"type":"InitializeVariable","inputs":{"variables":[{"name":"TenantID","type":"string"}]}},"ClientID":{"actions":{"行を一覧にする":{"runAfter":{},"metadata":{"operationMetadataId":"e2ab0fd7-e369-4dd4-82a6-0ac9a9cd4fcb"},"type":"OpenApiConnection","inputs":{"host":{"connectionName":"shared_commondataserviceforapps","operationId":"ListRecords","apiId":"/providers/Microsoft.PowerApps/apis/shared_commondataserviceforapps"},"parameters":{"entityName":"yaa_psettings","$filter":"yaa_key eq 'Goudo/AADApp/ClientID'"},"authentication":"@parameters('$authentication')"}},"Apply_to_each":{"foreach":"@outputs('行を一覧にする')?['body/value']","actions":{"変数の設定":{"runAfter":{},"metadata":{"operationMetadataId":"ee287f4a-c812-465a-8f13-3058d3719463"},"type":"SetVariable","inputs":{"name":"ClientID","value":"@items('Apply_to_each')?['yaa_value']"}}},"runAfter":{"行を一覧にする":["Succeeded"]},"metadata":{"operationMetadataId":"80bda65a-f8d5-4209-a16f-192253c77f0e"},"type":"Foreach"}},"runAfter":{"変数TenantIDを初期化する":["Succeeded"]},"metadata":{"operationMetadataId":"ef042bd7-d055-4bf2-8075-d4d31fcdb642"},"type":"Scope"},"ClientKey":{"actions":{"行を一覧にする_2":{"runAfter":{},"metadata":{"operationMetadataId":"c997cda7-bf3f-4e63-b94d-bb373732765e"},"type":"OpenApiConnection","inputs":{"host":{"connectionName":"shared_commondataserviceforapps","operationId":"ListRecords","apiId":"/providers/Microsoft.PowerApps/apis/shared_commondataserviceforapps"},"parameters":{"entityName":"yaa_psettings","$filter":"yaa_key eq 'Goudo/AADApp/ClientKey'"},"authentication":"@parameters('$authentication')"}},"Apply_to_each_2":{"foreach":"@outputs('行を一覧にする_2')?['body/value']","actions":{"変数の設定_2":{"runAfter":{},"metadata":{"operationMetadataId":"c76116ee-478c-40f1-8bca-265da4257df2"},"type":"SetVariable","inputs":{"name":"ClientKey","value":"@items('Apply_to_each_2')?['yaa_value']"}}},"runAfter":{"行を一覧にする_2":["Succeeded"]},"metadata":{"operationMetadataId":"cfa20fdd-0d38-47ad-ad50-b82b07c6c73c"},"type":"Foreach"}},"runAfter":{"ClientID":["Succeeded"]},"metadata":{"operationMetadataId":"9ccb23c3-4698-428b-ab68-aa2164d2c0a5"},"type":"Scope"},"TenantID":{"actions":{"行を一覧にする_3":{"runAfter":{},"metadata":{"operationMetadataId":"96db68aa-d5eb-4e53-9e68-d5da07ad14e9"},"type":"OpenApiConnection","inputs":{"host":{"connectionName":"shared_commondataserviceforapps","operationId":"ListRecords","apiId":"/providers/Microsoft.PowerApps/apis/shared_commondataserviceforapps"},"parameters":{"entityName":"yaa_psettings","$filter":"yaa_key eq 'Goudo/AADApp/TenantID'"},"authentication":"@parameters('$authentication')"}},"Apply_to_each_3":{"foreach":"@outputs('行を一覧にする_3')?['body/value']","actions":{"変数の設定_3":{"runAfter":{},"metadata":{"operationMetadataId":"53a5758f-35cc-4fc9-9796-a8df47a78dfa"},"type":"SetVariable","inputs":{"name":"TenantID","value":"@items('Apply_to_each_3')?['yaa_value']"}}},"runAfter":{"行を一覧にする_3":["Succeeded"]},"metadata":{"operationMetadataId":"2ef9adc0-b36a-401c-87fd-98918386961a"},"type":"Foreach"}},"runAfter":{"ClientKey":["Succeeded"]},"metadata":{"operationMetadataId":"d595b550-ee67-493f-a73c-3a306008f086"},"type":"Scope"}},"outputs":{}}},"schemaVersion":"1.0.0.0"}