{"properties":{"connectionReferences":{"shared_commondataserviceforapps":{"runtimeSource":"embedded","connection":{"connectionReferenceLogicalName":"ya_sharedcommondataserviceforapps_be81b"},"api":{"name":"shared_commondataserviceforapps"}}},"definition":{"$schema":"https://schema.management.azure.com/providers/Microsoft.Logic/schemas/2016-06-01/workflowdefinition.json#","contentVersion":"1.0.0.0","parameters":{"$connections":{"defaultValue":{},"type":"Object"},"$authentication":{"defaultValue":{},"type":"SecureObject"}},"triggers":{"manual":{"metadata":{"operationMetadataId":"f7593327-2fb6-4cd9-82ee-129eec6769a8"},"type":"Request","kind":"PowerAppV2","inputs":{"schema":{"type":"object","properties":{"text_1":{"title":"Type","type":"string","x-ms-dynamically-added":true,"description":"種別を指定してください( Temp / Enter / Leave / ManualCancel / AutoCancel )","x-ms-content-hint":"TEXT"},"text":{"title":"EventID","type":"string","x-ms-dynamically-added":true,"description":"予定IDを指定してください","x-ms-content-hint":"TEXT"},"text_2":{"title":"ICalUId","type":"string","x-ms-dynamically-added":true,"description":"iCalUIdを指定してください","x-ms-content-hint":"TEXT"},"text_4":{"title":"ScheduledStartTime","type":"string","x-ms-dynamically-added":true,"description":"予定開始時刻(UTC)を指定してください (例: 2021-11-01T00:00:00Z)","x-ms-content-hint":"TEXT"},"text_5":{"title":"ScheduledEndTime","type":"string","x-ms-dynamically-added":true,"description":"予定終了時刻(UTC)を指定してください (例: 2021-11-01T01:00:00Z)","x-ms-content-hint":"TEXT"},"text_8":{"title":"ConferenceRoomEmail","type":"string","x-ms-dynamically-added":true,"description":"会議室メールアドレスを指定してください","x-ms-content-hint":"TEXT"},"text_9":{"title":"OrganizerEmail","type":"string","x-ms-dynamically-added":true,"description":"主催者UPNを指定してください","x-ms-content-hint":"TEXT"}},"required":["text_1","text"]}}}},"actions":{"変数Typeを初期化する":{"runAfter":{},"metadata":{"operationMetadataId":"f1d44653-3950-422b-a83c-5864b4c67914"},"type":"InitializeVariable","inputs":{"variables":[{"name":"Type","type":"string","value":"@triggerBody()['text_1']"}]}},"変数EventIDを初期化する":{"runAfter":{"変数Typeを初期化する":["Succeeded"]},"metadata":{"operationMetadataId":"0da0fab3-5fea-4960-83d6-9b0056b5722d"},"type":"InitializeVariable","inputs":{"variables":[{"name":"EventID","type":"string","value":"@triggerBody()['text']"}]}},"変数ICalUIdを初期化する":{"runAfter":{"変数EventIDを初期化する":["Succeeded"]},"metadata":{"operationMetadataId":"5631dc04-7d57-4a49-a8a2-909d1ce7e970"},"type":"InitializeVariable","inputs":{"variables":[{"name":"ICalUId","type":"string"}]}},"変数ScheduledStartTimeを初期化する":{"runAfter":{"変数ICalUIdを初期化する":["Succeeded"]},"metadata":{"operationMetadataId":"373f024c-6eff-4078-b682-e8fc93acbfaa"},"type":"InitializeVariable","inputs":{"variables":[{"name":"ScheduledStartTime","type":"string"}]}},"変数ScheduledEndTimeを初期化する":{"runAfter":{"変数ScheduledStartTimeを初期化する":["Succeeded"]},"metadata":{"operationMetadataId":"a51ce4e3-718b-439e-89f4-13eafde98d58"},"type":"InitializeVariable","inputs":{"variables":[{"name":"ScheduledEndTime","type":"string"}]}},"変数ActualStartTimeを初期化する":{"runAfter":{"変数ScheduledEndTimeを初期化する":["Succeeded"]},"metadata":{"operationMetadataId":"049ebf4a-6b30-4d02-9a3e-df0caa419b29"},"type":"InitializeVariable","inputs":{"variables":[{"name":"ActualStartTime","type":"string"}]}},"変数ActualEndTimeを初期化する":{"runAfter":{"変数ActualStartTimeを初期化する":["Succeeded"]},"metadata":{"operationMetadataId":"4c81c19a-ab73-484b-a551-c4a4e580ceb7"},"type":"InitializeVariable","inputs":{"variables":[{"name":"ActualEndTime","type":"string"}]}},"変数ConferenceRoomEmailを初期化する":{"runAfter":{"変数ActualEndTimeを初期化する":["Succeeded"]},"metadata":{"operationMetadataId":"fa25c717-c85e-48b3-8eb1-e9abcb402fc0"},"type":"InitializeVariable","inputs":{"variables":[{"name":"ConferenceRoomEmail","type":"string"}]}},"変数OrganizerEmailを初期化する":{"runAfter":{"変数ConferenceRoomEmailを初期化する":["Succeeded"]},"metadata":{"operationMetadataId":"2bc9266d-c450-46cb-bc76-c827e62c16f1"},"type":"InitializeVariable","inputs":{"variables":[{"name":"OrganizerEmail","type":"string"}]}},"スイッチ_(_Temp_,_Enter_,_Leave_,_ManualCancel_,_AutoCancel_)":{"runAfter":{"スコープ":["Succeeded"]},"cases":{"ケース":{"case":"Enter","actions":{"変数ActualStartTimeの設定":{"runAfter":{},"type":"SetVariable","inputs":{"name":"ActualStartTime","value":"@{utcNow()}"}},"行を一覧にする_4":{"runAfter":{"変数ActualStartTimeの設定":["Succeeded"]},"type":"OpenApiConnection","inputs":{"host":{"connectionName":"shared_commondataserviceforapps","operationId":"ListRecords","apiId":"/providers/Microsoft.PowerApps/apis/shared_commondataserviceforapps"},"parameters":{"entityName":"yaa_teventlogs","$filter":"yaa_eventid eq '@{variables('EventID')}'"},"authentication":"@parameters('$authentication')"}},"条件_2":{"actions":{"Apply_to_each_4":{"foreach":"@outputs('行を一覧にする_4')?['body/value']","actions":{"行を更新する_4":{"runAfter":{},"type":"OpenApiConnection","inputs":{"host":{"connectionName":"shared_commondataserviceforapps","operationId":"UpdateRecord","apiId":"/providers/Microsoft.PowerApps/apis/shared_commondataserviceforapps"},"parameters":{"entityName":"yaa_teventlogs","recordId":"@items('Apply_to_each_4')?['yaa_teventlogid']","item/yaa_actualstarttime":"@variables('ActualStartTime')"},"authentication":"@parameters('$authentication')"}}},"runAfter":{},"type":"Foreach"}},"runAfter":{"行を一覧にする_4":["Succeeded"]},"else":{"actions":{"新しい行を追加する":{"runAfter":{},"type":"OpenApiConnection","inputs":{"host":{"connectionName":"shared_commondataserviceforapps","operationId":"CreateRecord","apiId":"/providers/Microsoft.PowerApps/apis/shared_commondataserviceforapps"},"parameters":{"entityName":"yaa_teventlogs","item/yaa_conferenceroomemail":"@variables('ConferenceRoomEmail')","item/yaa_logid":"@variables('EventID')","item/yaa_scheduledendtime":"@variables('ScheduledEndTime')","item/yaa_scheduledstarttime":"@variables('ScheduledStartTime')","item/yaa_actualstarttime":"@variables('ActualStartTime')","item/yaa_eventid":"@variables('EventID')","item/yaa_icaluid":"@variables('ICalUId')","item/yaa_organizeremail":"@variables('OrganizerEmail')"},"authentication":"@parameters('$authentication')"}}}},"expression":{"greater":["@length(outputs('行を一覧にする_4')?['body/value'])",0]},"type":"If"}}},"ケース_2":{"case":"Leave","actions":{"変数ActualEndTimeの設定":{"runAfter":{},"type":"SetVariable","inputs":{"name":"ActualEndTime","value":"@{utcNow()}"}},"行を一覧にする":{"runAfter":{"変数ActualEndTimeの設定":["Succeeded"]},"type":"OpenApiConnection","inputs":{"host":{"connectionName":"shared_commondataserviceforapps","operationId":"ListRecords","apiId":"/providers/Microsoft.PowerApps/apis/shared_commondataserviceforapps"},"parameters":{"entityName":"yaa_teventlogs","$filter":"yaa_eventid eq '@{variables('EventID')}'"},"authentication":"@parameters('$authentication')"}},"Apply_to_each":{"foreach":"@outputs('行を一覧にする')?['body/value']","actions":{"行を更新する":{"runAfter":{},"type":"OpenApiConnection","inputs":{"host":{"connectionName":"shared_commondataserviceforapps","operationId":"UpdateRecord","apiId":"/providers/Microsoft.PowerApps/apis/shared_commondataserviceforapps"},"parameters":{"entityName":"yaa_teventlogs","recordId":"@items('Apply_to_each')?['yaa_teventlogid']","item/yaa_actualendtime":"@variables('ActualEndTime')"},"authentication":"@parameters('$authentication')"}}},"runAfter":{"行を一覧にする":["Succeeded"]},"type":"Foreach"}}},"ケース_3":{"case":"ManualCancel","actions":{"変数ManualCanceledの設定":{"runAfter":{},"type":"SetVariable","inputs":{"name":"ManualCanceled","value":true}},"行を一覧にする_2":{"runAfter":{"変数ManualCanceledの設定":["Succeeded"]},"type":"OpenApiConnection","inputs":{"host":{"connectionName":"shared_commondataserviceforapps","operationId":"ListRecords","apiId":"/providers/Microsoft.PowerApps/apis/shared_commondataserviceforapps"},"parameters":{"entityName":"yaa_teventlogs","$filter":"yaa_eventid eq '@{variables('EventID')}'"},"authentication":"@parameters('$authentication')"}},"条件":{"actions":{"Apply_to_each_2":{"foreach":"@outputs('行を一覧にする_2')?['body/value']","actions":{"行を更新する_2":{"runAfter":{},"type":"OpenApiConnection","inputs":{"host":{"connectionName":"shared_commondataserviceforapps","operationId":"UpdateRecord","apiId":"/providers/Microsoft.PowerApps/apis/shared_commondataserviceforapps"},"parameters":{"entityName":"yaa_teventlogs","recordId":"@items('Apply_to_each_2')?['yaa_teventlogid']","item/yaa_manualcanceled":"@variables('ManualCanceled')"},"authentication":"@parameters('$authentication')"}}},"runAfter":{},"type":"Foreach"}},"runAfter":{"行を一覧にする_2":["Succeeded"]},"else":{"actions":{"新しい行を追加する_2":{"runAfter":{},"type":"OpenApiConnection","inputs":{"host":{"connectionName":"shared_commondataserviceforapps","operationId":"CreateRecord","apiId":"/providers/Microsoft.PowerApps/apis/shared_commondataserviceforapps"},"parameters":{"entityName":"yaa_teventlogs","item/yaa_conferenceroomemail":"@variables('ConferenceRoomEmail')","item/yaa_logid":"@variables('EventID')","item/yaa_scheduledendtime":"@variables('ScheduledEndTime')","item/yaa_scheduledstarttime":"@variables('ScheduledStartTime')","item/yaa_eventid":"@variables('EventID')","item/yaa_icaluid":"@variables('ICalUId')","item/yaa_manualcanceled":"@variables('ManualCanceled')","item/yaa_organizeremail":"@variables('OrganizerEmail')"},"authentication":"@parameters('$authentication')"}}}},"expression":{"greater":["@length(outputs('行を一覧にする_2')?['body/value'])",0]},"type":"If"}}},"ケース_4":{"case":"AutoCancel","actions":{"変数AutoCanceledの設定":{"runAfter":{},"type":"SetVariable","inputs":{"name":"AutoCanceled","value":true}},"行を一覧にする_3":{"runAfter":{"変数AutoCanceledの設定":["Succeeded"]},"type":"OpenApiConnection","inputs":{"host":{"connectionName":"shared_commondataserviceforapps","operationId":"ListRecords","apiId":"/providers/Microsoft.PowerApps/apis/shared_commondataserviceforapps"},"parameters":{"entityName":"yaa_teventlogs","$filter":"yaa_eventid eq '@{variables('EventID')}'"},"authentication":"@parameters('$authentication')"}},"Apply_to_each_3":{"foreach":"@outputs('行を一覧にする_3')?['body/value']","actions":{"行を更新する_3":{"runAfter":{},"type":"OpenApiConnection","inputs":{"host":{"connectionName":"shared_commondataserviceforapps","operationId":"UpdateRecord","apiId":"/providers/Microsoft.PowerApps/apis/shared_commondataserviceforapps"},"parameters":{"entityName":"yaa_teventlogs","recordId":"@items('Apply_to_each_3')?['yaa_teventlogid']","item/yaa_autocanceled":"@variables('AutoCanceled')"},"authentication":"@parameters('$authentication')"}}},"runAfter":{"行を一覧にする_3":["Succeeded"]},"type":"Foreach"}}},"ケース_5":{"case":"Temp","actions":{"新しい行を追加する_3":{"runAfter":{},"type":"OpenApiConnection","inputs":{"host":{"connectionName":"shared_commondataserviceforapps","operationId":"CreateRecord","apiId":"/providers/Microsoft.PowerApps/apis/shared_commondataserviceforapps"},"parameters":{"entityName":"yaa_teventlogs","item/yaa_conferenceroomemail":"@variables('ConferenceRoomEmail')","item/yaa_logid":"@variables('EventID')","item/yaa_scheduledendtime":"@variables('ScheduledEndTime')","item/yaa_scheduledstarttime":"@variables('ScheduledStartTime')","item/yaa_eventid":"@variables('EventID')","item/yaa_icaluid":"@variables('ICalUId')","item/yaa_organizeremail":"@variables('OrganizerEmail')"},"authentication":"@parameters('$authentication')"}}}}},"default":{"actions":{}},"expression":"@variables('Type')","metadata":{"operationMetadataId":"30e2c293-b924-45e2-98ce-b0e43cafd221"},"type":"Switch"},"変数AutoCanceledを初期化する":{"runAfter":{"変数OrganizerEmailを初期化する":["Succeeded"]},"metadata":{"operationMetadataId":"29006831-5af0-4092-8bbf-fad8c0caabed"},"type":"InitializeVariable","inputs":{"variables":[{"name":"AutoCanceled","type":"boolean","value":false}]}},"変数ManualCanceledを初期化する":{"runAfter":{"変数AutoCanceledを初期化する":["Succeeded"]},"metadata":{"operationMetadataId":"8877d180-fb60-495d-b1c8-efe042d167fd"},"type":"InitializeVariable","inputs":{"variables":[{"name":"ManualCanceled","type":"boolean","value":false}]}},"スコープ":{"actions":{"条件_iCalUId":{"actions":{"変数iCalUIdの設定":{"runAfter":{},"metadata":{"operationMetadataId":"8d4e7c63-af7b-4920-80d1-c88d165b8c85"},"type":"SetVariable","inputs":{"name":"ICalUId","value":"@triggerBody()['text_2']"}}},"runAfter":{},"expression":{"equals":["@contains(triggerBody(), 'ICalUId')",true]},"metadata":{"operationMetadataId":"6d8a2d5d-2d8f-42a8-b359-4c176ff4cc9d"},"type":"If"},"条件_ScheduleStartTime":{"actions":{"変数ScheduleStartTimeの設定":{"runAfter":{},"metadata":{"operationMetadataId":"c9acbe2a-a357-4ee7-916d-ffe116d26e67"},"type":"SetVariable","inputs":{"name":"ScheduledStartTime","value":"@triggerBody()?['text_4']"}}},"runAfter":{"条件_iCalUId":["Succeeded"]},"expression":{"equals":["@contains(triggerBody(), 'ScheduleStartTime')",true]},"metadata":{"operationMetadataId":"7e1a14c1-07c1-4bfc-a62a-5d9f138cda20"},"type":"If"},"条件_ScheduleEndTime":{"actions":{"変数ScheduleEndTimeの設定":{"runAfter":{},"metadata":{"operationMetadataId":"bb14038d-d550-47ed-bb74-efc80ad1a0c0"},"type":"SetVariable","inputs":{"name":"ScheduledEndTime","value":"@triggerBody()?['text_5']"}}},"runAfter":{"条件_ScheduleStartTime":["Succeeded"]},"expression":{"equals":["@contains(triggerBody(), 'ScheduleEndTime')",true]},"metadata":{"operationMetadataId":"35405fdd-cce2-41e6-85d1-52b00104e821"},"type":"If"},"条件_ConferenceRoomEmail":{"actions":{"変数ConferenceRoomEmailの設定":{"runAfter":{},"metadata":{"operationMetadataId":"0b1b6725-6af2-4b03-92ce-c4c74d39272c"},"type":"SetVariable","inputs":{"name":"ConferenceRoomEmail","value":"@triggerBody()?['text_8']"}}},"runAfter":{"条件_ScheduleEndTime":["Succeeded"]},"expression":{"equals":["@contains(triggerBody(), 'ConferenceRoomEmail')",true]},"metadata":{"operationMetadataId":"22c6b310-1831-4fb6-93de-e8311f790dc1"},"type":"If"},"条件_OrganizerEmail":{"actions":{"変数OrganizerEmailの設定":{"runAfter":{},"metadata":{"operationMetadataId":"cfcb3fd5-c77e-40e2-a5f7-050fbda37035"},"type":"SetVariable","inputs":{"name":"OrganizerEmail","value":"@triggerBody()?['text_9']"}}},"runAfter":{"条件_ConferenceRoomEmail":["Succeeded"]},"expression":{"equals":["@contains(triggerBody(), 'OrganizerEmail')",true]},"metadata":{"operationMetadataId":"85a4381d-f295-4764-8e08-6400b03a748d"},"type":"If"}},"runAfter":{"変数ManualCanceledを初期化する":["Succeeded"]},"metadata":{"operationMetadataId":"089a01c0-9d43-409b-9a31-6603e49d16f2"},"type":"Scope"}},"outputs":{}}},"schemaVersion":"1.0.0.0"}