{"properties":{"connectionReferences":{"shared_commondataserviceforapps":{"runtimeSource":"embedded","connection":{"connectionReferenceLogicalName":"ya_sharedcommondataserviceforapps_be81b"},"api":{"name":"shared_commondataserviceforapps"}}},"definition":{"$schema":"https://schema.management.azure.com/providers/Microsoft.Logic/schemas/2016-06-01/workflowdefinition.json#","contentVersion":"1.0.0.0","parameters":{"$connections":{"defaultValue":{},"type":"Object"},"$authentication":{"defaultValue":{},"type":"SecureObject"}},"triggers":{"manual":{"metadata":{"operationMetadataId":"f49792cb-a57d-4a53-94f2-bd94c22427d7"},"type":"Request","kind":"PowerAppV2","inputs":{"schema":{"type":"object","properties":{"text":{"title":"ID","type":"string","x-ms-dynamically-added":true,"description":"ID / UPNを指定してください","x-ms-content-hint":"TEXT"}},"required":["text"]}}}},"actions":{"変数IDを初期化する":{"runAfter":{},"metadata":{"operationMetadataId":"f3e93cbd-11c6-4503-9177-65f87b02da2b"},"type":"InitializeVariable","inputs":{"variables":[{"name":"ID","type":"string","value":"@triggerBody()['text']"}]}},"変数ClientIDを初期化する":{"runAfter":{"変数IDを初期化する":["Succeeded"]},"metadata":{"operationMetadataId":"e5a3e183-70f0-4bdd-9b06-b18ff66b6a9b"},"type":"InitializeVariable","inputs":{"variables":[{"name":"ClientID","type":"string"}]}},"変数ClientKeyを初期化する":{"runAfter":{"変数ClientIDを初期化する":["Succeeded"]},"metadata":{"operationMetadataId":"04ed8abb-3ab8-41be-bdb0-7c230a465cec"},"type":"InitializeVariable","inputs":{"variables":[{"name":"ClientKey","type":"string"}]}},"HTTP":{"runAfter":{"TenantID":["Succeeded"]},"metadata":{"operationMetadataId":"f2d91140-0324-4eb9-91d7-a04c23104933"},"type":"Http","inputs":{"method":"GET","uri":"https://graph.microsoft.com/v1.0/places/@{variables('ID')}","headers":{"Prefer":"outlook.timezone=\"Asia/Tokyo\""},"authentication":{"type":"ActiveDirectoryOAuth","tenant":"@variables('TenantID')","audience":"https://graph.microsoft.com","clientId":"@variables('ClientID')","secret":"@variables('ClientKey')"}}},"変数TenantIDを初期化する":{"runAfter":{"変数ClientKeyを初期化する":["Succeeded"]},"metadata":{"operationMetadataId":"3c825a52-e7fb-48b0-935d-eab3e6e82dfd"},"type":"InitializeVariable","inputs":{"variables":[{"name":"TenantID","type":"string"}]}},"ClientID":{"actions":{"行を一覧にする":{"runAfter":{},"metadata":{"operationMetadataId":"e2ab0fd7-e369-4dd4-82a6-0ac9a9cd4fcb"},"type":"OpenApiConnection","inputs":{"host":{"connectionName":"shared_commondataserviceforapps","operationId":"ListRecords","apiId":"/providers/Microsoft.PowerApps/apis/shared_commondataserviceforapps"},"parameters":{"entityName":"yaa_psettings","$filter":"yaa_key eq 'Goudo/AADApp/ClientID'"},"authentication":"@parameters('$authentication')"}},"Apply_to_each":{"foreach":"@outputs('行を一覧にする')?['body/value']","actions":{"変数の設定":{"runAfter":{},"metadata":{"operationMetadataId":"ee287f4a-c812-465a-8f13-3058d3719463"},"type":"SetVariable","inputs":{"name":"ClientID","value":"@items('Apply_to_each')?['yaa_value']"}}},"runAfter":{"行を一覧にする":["Succeeded"]},"metadata":{"operationMetadataId":"80bda65a-f8d5-4209-a16f-192253c77f0e"},"type":"Foreach"}},"runAfter":{"変数TenantIDを初期化する":["Succeeded"]},"metadata":{"operationMetadataId":"ef042bd7-d055-4bf2-8075-d4d31fcdb642"},"type":"Scope"},"ClientKey":{"actions":{"行を一覧にする_2":{"runAfter":{},"metadata":{"operationMetadataId":"c997cda7-bf3f-4e63-b94d-bb373732765e"},"type":"OpenApiConnection","inputs":{"host":{"connectionName":"shared_commondataserviceforapps","operationId":"ListRecords","apiId":"/providers/Microsoft.PowerApps/apis/shared_commondataserviceforapps"},"parameters":{"entityName":"yaa_psettings","$filter":"yaa_key eq 'Goudo/AADApp/ClientKey'"},"authentication":"@parameters('$authentication')"}},"Apply_to_each_2":{"foreach":"@outputs('行を一覧にする_2')?['body/value']","actions":{"変数の設定_2":{"runAfter":{},"metadata":{"operationMetadataId":"c76116ee-478c-40f1-8bca-265da4257df2"},"type":"SetVariable","inputs":{"name":"ClientKey","value":"@items('Apply_to_each_2')?['yaa_value']"}}},"runAfter":{"行を一覧にする_2":["Succeeded"]},"metadata":{"operationMetadataId":"cfa20fdd-0d38-47ad-ad50-b82b07c6c73c"},"type":"Foreach"}},"runAfter":{"ClientID":["Succeeded"]},"metadata":{"operationMetadataId":"9ccb23c3-4698-428b-ab68-aa2164d2c0a5"},"type":"Scope"},"TenantID":{"actions":{"行を一覧にする_3":{"runAfter":{},"metadata":{"operationMetadataId":"96db68aa-d5eb-4e53-9e68-d5da07ad14e9"},"type":"OpenApiConnection","inputs":{"host":{"connectionName":"shared_commondataserviceforapps","operationId":"ListRecords","apiId":"/providers/Microsoft.PowerApps/apis/shared_commondataserviceforapps"},"parameters":{"entityName":"yaa_psettings","$filter":"yaa_key eq 'Goudo/AADApp/TenantID'"},"authentication":"@parameters('$authentication')"}},"Apply_to_each_3":{"foreach":"@outputs('行を一覧にする_3')?['body/value']","actions":{"変数の設定_3":{"runAfter":{},"metadata":{"operationMetadataId":"53a5758f-35cc-4fc9-9796-a8df47a78dfa"},"type":"SetVariable","inputs":{"name":"TenantID","value":"@items('Apply_to_each_3')?['yaa_value']"}}},"runAfter":{"行を一覧にする_3":["Succeeded"]},"metadata":{"operationMetadataId":"2ef9adc0-b36a-401c-87fd-98918386961a"},"type":"Foreach"}},"runAfter":{"ClientKey":["Succeeded"]},"metadata":{"operationMetadataId":"d595b550-ee67-493f-a73c-3a306008f086"},"type":"Scope"},"JSON_の解析":{"runAfter":{"HTTP":["Succeeded"]},"metadata":{"operationMetadataId":"fadfaed5-fcbf-4030-a22a-5d3bbdbe60f1"},"type":"ParseJson","inputs":{"content":"@body('HTTP')","schema":{"type":"object","properties":{"@@odata.context":{"type":"string"},"@@odata.type":{"type":"string"},"id":{"type":"string"},"displayName":{"type":"string"},"address":{},"geoCoordinates":{},"phone":{"type":"string"},"nickname":{"type":"string"},"emailAddress":{"type":"string"},"building":{},"floorNumber":{},"floorLabel":{},"label":{},"capacity":{"type":"integer"},"bookingType":{},"audioDeviceName":{},"videoDeviceName":{},"displayDeviceName":{},"isWheelChairAccessible":{"type":"boolean"},"tags":{"type":"array"}}}}},"応答":{"runAfter":{"JSON_の解析":["Succeeded"]},"metadata":{"operationMetadataId":"8b6e1ba0-2b53-4aa9-beaa-2e58fe12167f"},"type":"Response","kind":"Http","inputs":{"statusCode":"@outputs('HTTP')['statusCode']","body":"@body('JSON_の解析')"}}},"outputs":{}}},"schemaVersion":"1.0.0.0"}