{"properties":{"connectionReferences":{"shared_commondataserviceforapps":{"runtimeSource":"embedded","connection":{},"api":{"name":"shared_commondataserviceforapps"}}},"definition":{"$schema":"https://schema.management.azure.com/providers/Microsoft.Logic/schemas/2016-06-01/workflowdefinition.json#","contentVersion":"1.0.0.0","parameters":{"$connections":{"defaultValue":{},"type":"Object"},"$authentication":{"defaultValue":{},"type":"SecureObject"}},"triggers":{"manual":{"metadata":{"operationMetadataId":"c20caa3e-4a47-4aac-abf9-83a007555547"},"type":"Request","kind":"PowerAppV2","inputs":{"schema":{"type":"object","properties":{},"required":[]}}}},"actions":{"Preferences_行を一覧にする":{"runAfter":{"変数Preferencesを初期化する":["Succeeded"]},"metadata":{"operationMetadataId":"7da2441d-6639-4019-a96d-e290bd43dd8c"},"type":"OpenApiConnection","inputs":{"host":{"connectionName":"shared_commondataserviceforapps","operationId":"ListRecords","apiId":"/providers/Microsoft.PowerApps/apis/shared_commondataserviceforapps"},"parameters":{"entityName":"yaa_psettings","$top":50},"authentication":"@parameters('$authentication')"}},"Preferences_条件":{"actions":{"Preferences_Apply_to_each":{"foreach":"@variables('Settings')","actions":{"Preferences_JSON_の解析":{"runAfter":{},"metadata":{"operationMetadataId":"b3f61440-4a7a-4984-b59f-d842867af142"},"type":"ParseJson","inputs":{"content":"@items('Preferences_Apply_to_each')","schema":{"type":"object","properties":{"Key":{"type":"string"},"Value":{"type":"string"}}}}},"Preferences_新しい行を追加する":{"runAfter":{"Preferences_JSON_の解析":["Succeeded"]},"metadata":{"operationMetadataId":"fa9088e7-b5e3-4a94-bb06-49bdb9506d2b"},"type":"OpenApiConnection","inputs":{"host":{"connectionName":"shared_commondataserviceforapps","operationId":"CreateRecord","apiId":"/providers/Microsoft.PowerApps/apis/shared_commondataserviceforapps"},"parameters":{"entityName":"yaa_psettings","item/yaa_key":"@body('Preferences_JSON_の解析')?['Key']","item/yaa_value":"@body('Preferences_JSON_の解析')?['Value']"},"authentication":"@parameters('$authentication')"}}},"runAfter":{},"metadata":{"operationMetadataId":"d24447e6-551d-44c0-bdd4-6f88bc268ddd"},"type":"Foreach"}},"runAfter":{"Preferences_行を一覧にする":["Succeeded"]},"expression":{"equals":["@length(outputs('Preferences_行を一覧にする')?['body/value'])",0]},"metadata":{"operationMetadataId":"ab8ed77f-b710-4c6e-acd2-9d6a12121fee"},"type":"If"},"変数Preferencesを初期化する":{"runAfter":{"PreferenceTypes_条件":["Succeeded"]},"metadata":{"operationMetadataId":"aa6b4120-db38-43d8-868c-15fc71674c72"},"type":"InitializeVariable","inputs":{"variables":[{"name":"Settings","type":"array","value":[{"Key":"ConferenceRoomApp/DebugMode","Value":"true"},{"Key":"ConferenceRoomApp/Id","Value":"f59262f5-d900-41c7-bdd8-b90fffc4409b"},{"Key":"ConferenceRoomApp/MaintenanceMode","Value":"false"},{"Key":"ConferenceRoomApp/ThemeColor/Main","Value":"0,51,102,1"},{"Key":"ConferenceRoomApp/Version","Value":"0.0.1"},{"Key":"Goudo/Author","Value":"YA"},{"Key":"Goudo/User/Administrators","Value":"admin@yappf.onmicrosoft.com"}]}]}},"変数PreferenceTypesを初期化する":{"runAfter":{"LogLevels_条件":["Succeeded"]},"metadata":{"operationMetadataId":"1688ae90-086b-44c3-af40-f59d14ad4c4f"},"type":"InitializeVariable","inputs":{"variables":[{"name":"SettingTypes","type":"array","value":[{"Name":"Array"},{"Name":"Boolean"},{"Name":"Color"},{"Name":"Integer"},{"Name":"Number"},{"Name":"String"}]}]}},"PreferenceTypes_行を一覧にする":{"runAfter":{"変数PreferenceTypesを初期化する":["Succeeded"]},"metadata":{"operationMetadataId":"39b44411-c202-4a96-96d7-dbbe36d7a8dd"},"type":"OpenApiConnection","inputs":{"host":{"connectionName":"shared_commondataserviceforapps","operationId":"ListRecords","apiId":"/providers/Microsoft.PowerApps/apis/shared_commondataserviceforapps"},"parameters":{"entityName":"yaa_msettingtypes","$top":50},"authentication":"@parameters('$authentication')"}},"PreferenceTypes_条件":{"actions":{"PreferenceTypes_Apply_to_each":{"foreach":"@variables('SettingTypes')","actions":{"PreferenceTypes_JSON_の解析":{"runAfter":{},"metadata":{"operationMetadataId":"845f70a2-c5b9-42b1-8fec-f252cc901d4e"},"type":"ParseJson","inputs":{"content":"@items('PreferenceTypes_Apply_to_each')","schema":{"type":"object","properties":{"Name":{"type":"string"}}}}},"PreferenceTypes_新しい行を追加する":{"runAfter":{"PreferenceTypes_JSON_の解析":["Succeeded"]},"metadata":{"operationMetadataId":"bb0c1f41-8e34-4290-973d-2a439a7a600c"},"type":"OpenApiConnection","inputs":{"host":{"connectionName":"shared_commondataserviceforapps","operationId":"CreateRecord","apiId":"/providers/Microsoft.PowerApps/apis/shared_commondataserviceforapps"},"parameters":{"entityName":"yaa_msettingtypes","item/yaa_key":"@body('PreferenceTypes_JSON_の解析')?['Name']"},"authentication":"@parameters('$authentication')"}}},"runAfter":{},"metadata":{"operationMetadataId":"66bd4160-f60c-4fa1-90b6-028082b1d22e"},"type":"Foreach"}},"runAfter":{"PreferenceTypes_行を一覧にする":["Succeeded"]},"expression":{"equals":["@length(outputs('PreferenceTypes_行を一覧にする')?['body/value'])",0]},"metadata":{"operationMetadataId":"feb2dd39-0a03-45c3-9e58-678530e74ee8"},"type":"If"},"変数LogLevelsを初期化する":{"runAfter":{},"metadata":{"operationMetadataId":"eacee662-78f4-4eb1-915a-8f94e485a502"},"type":"InitializeVariable","inputs":{"variables":[{"name":"LogLevels","type":"array","value":[{"Name":"Critical"},{"Name":"Debug"},{"Name":"Emergency"},{"Name":"Error"},{"Name":"Info"},{"Name":"Warn"}]}]}},"LogLevels_行を一覧にする":{"runAfter":{"変数LogLevelsを初期化する":["Succeeded"]},"metadata":{"operationMetadataId":"50faca19-ebcc-4fa4-8832-1f630c3b351d"},"type":"OpenApiConnection","inputs":{"host":{"connectionName":"shared_commondataserviceforapps","operationId":"ListRecords","apiId":"/providers/Microsoft.PowerApps/apis/shared_commondataserviceforapps"},"parameters":{"entityName":"yaa_mloglevels","$top":50},"authentication":"@parameters('$authentication')"}},"LogLevels_条件":{"actions":{"LogLevels_Apply_to_each":{"foreach":"@variables('LogLevels')","actions":{"LogLevels_JSON_の解析":{"runAfter":{},"metadata":{"operationMetadataId":"0ef5fb4a-3a09-499a-b632-76e10274ebf9"},"type":"ParseJson","inputs":{"content":"@items('LogLevels_Apply_to_each')","schema":{"type":"object","properties":{"Name":{"type":"string"}}}}},"LogLevels_新しい行を追加する":{"runAfter":{"LogLevels_JSON_の解析":["Succeeded"]},"metadata":{"operationMetadataId":"2989bb3a-0ed5-4f6f-9bd6-581d4251d7dd"},"type":"OpenApiConnection","inputs":{"host":{"connectionName":"shared_commondataserviceforapps","operationId":"CreateRecord","apiId":"/providers/Microsoft.PowerApps/apis/shared_commondataserviceforapps"},"parameters":{"entityName":"yaa_mloglevels","item/yaa_key":"@body('LogLevels_JSON_の解析')?['Name']"},"authentication":"@parameters('$authentication')"}}},"runAfter":{},"metadata":{"operationMetadataId":"bc78b69b-14a4-45e4-9aee-51468b913e55"},"type":"Foreach"}},"runAfter":{"LogLevels_行を一覧にする":["Succeeded"]},"expression":{"equals":["@length(outputs('LogLevels_行を一覧にする')?['body/value'])",0]},"metadata":{"operationMetadataId":"d3ffa439-9a59-4914-9bca-ae2d2c0e6d47"},"type":"If"},"PowerApp_または_Flow_に応答する":{"runAfter":{"Preferences_条件":["Succeeded"]},"metadata":{"operationMetadataId":"a0dfa0fe-9480-425d-8729-93e8606ad93a"},"type":"Response","kind":"PowerApp","inputs":{"statusCode":200,"body":{},"schema":{"type":"object","properties":{}}}}}}},"schemaVersion":"1.0.0.0"}