{"properties":{"connectionReferences":{"shared_office365":{"runtimeSource":"embedded","connection":{"connectionReferenceLogicalName":"ya_sharedoffice365_124a1"},"api":{"name":"shared_office365"}},"shared_commondataserviceforapps":{"runtimeSource":"embedded","connection":{"connectionReferenceLogicalName":"ya_sharedcommondataserviceforapps_be81b"},"api":{"name":"shared_commondataserviceforapps"}}},"definition":{"$schema":"https://schema.management.azure.com/providers/Microsoft.Logic/schemas/2016-06-01/workflowdefinition.json#","contentVersion":"1.0.0.0","parameters":{"$connections":{"defaultValue":{},"type":"Object"},"$authentication":{"defaultValue":{},"type":"SecureObject"}},"triggers":{"繰り返し":{"recurrence":{"frequency":"Month","interval":1,"timeZone":"Tokyo Standard Time","startTime":"2021-12-31T05:00:00Z"},"metadata":{"operationMetadataId":"30aee7c7-d50d-4a7a-ba8a-c1b7d44d15ba"},"type":"Recurrence"}},"actions":{"Removing_all_records":{"actions":{"行を一覧にする":{"runAfter":{},"metadata":{"operationMetadataId":"c79a272d-53e8-4792-999b-c3cf0a72b680"},"type":"OpenApiConnection","inputs":{"host":{"connectionName":"shared_commondataserviceforapps","operationId":"ListRecords","apiId":"/providers/Microsoft.PowerApps/apis/shared_commondataserviceforapps"},"parameters":{"entityName":"yaa_mconferencerooms","$filter":"yaa_mconferenceroomid ne null"},"authentication":"@parameters('$authentication')"}},"Apply_to_each_record":{"foreach":"@outputs('行を一覧にする')?['body/value']","actions":{"行を削除する":{"runAfter":{},"metadata":{"operationMetadataId":"dd797305-0fbe-43ff-9c6a-48ba10dbe6ed"},"type":"OpenApiConnection","inputs":{"host":{"connectionName":"shared_commondataserviceforapps","operationId":"DeleteRecord","apiId":"/providers/Microsoft.PowerApps/apis/shared_commondataserviceforapps"},"parameters":{"entityName":"yaa_mconferencerooms","recordId":"@items('Apply_to_each_record')?['yaa_mconferenceroomid']"},"authentication":"@parameters('$authentication')"}}},"runAfter":{"行を一覧にする":["Succeeded"]},"metadata":{"operationMetadataId":"92f8e820-565b-41d3-99fd-760c5170a085"},"type":"Foreach"}},"runAfter":{},"metadata":{"operationMetadataId":"1c68a08b-1f75-4af3-9a54-5aaee2c33f89"},"type":"Scope"},"Creating_new_records":{"actions":{"会議室の取得_(V2)":{"runAfter":{},"metadata":{"operationMetadataId":"109d0ba5-33fc-41bb-a0c0-0da13f10b801"},"type":"OpenApiConnection","inputs":{"host":{"connectionName":"shared_office365","operationId":"GetRooms_V2","apiId":"/providers/Microsoft.PowerApps/apis/shared_office365"},"parameters":{},"authentication":"@parameters('$authentication')"}},"Apply_to_each_room":{"foreach":"@outputs('会議室の取得_(V2)')?['body/value']","actions":{"作成":{"runAfter":{},"metadata":{"operationMetadataId":"c963748f-1433-4aa4-97ec-68cd48138db5"},"type":"Compose","inputs":"@{items('Apply_to_each_room')?['address']}: @{items('Apply_to_each_room')?['name']}"},"新しい行を追加する":{"runAfter":{"作成":["Succeeded"]},"metadata":{"operationMetadataId":"b8b0aa1b-5fc2-4db4-8e8c-6bcd526d38c1"},"type":"OpenApiConnection","inputs":{"host":{"connectionName":"shared_commondataserviceforapps","operationId":"CreateRecord","apiId":"/providers/Microsoft.PowerApps/apis/shared_commondataserviceforapps"},"parameters":{"entityName":"yaa_mconferencerooms","item/yaa_email":"@items('Apply_to_each_room')?['address']"},"authentication":"@parameters('$authentication')"}}},"runAfter":{"会議室の取得_(V2)":["Succeeded"]},"metadata":{"operationMetadataId":"774de571-8634-416c-99ff-c1ebf254e9eb"},"type":"Foreach"}},"runAfter":{"Removing_all_records":["Succeeded"]},"metadata":{"operationMetadataId":"349d0fb3-ae0d-48de-a97f-9b0f217c5b79"},"type":"Scope"}},"outputs":{}}},"schemaVersion":"1.0.0.0"}