{"properties":{"connectionReferences":{},"definition":{"$schema":"https://schema.management.azure.com/providers/Microsoft.Logic/schemas/2016-06-01/workflowdefinition.json#","contentVersion":"1.0.0.0","parameters":{"$authentication":{"defaultValue":{},"type":"SecureObject"}},"triggers":{"manual":{"metadata":{"operationMetadataId":"4be3706b-dcd7-4efb-bf15-035772ef551b"},"type":"Request","kind":"PowerAppV2","inputs":{"schema":{"type":"object","properties":{},"required":[]}}}},"actions":{"JSON_の解析":{"runAfter":{},"metadata":{"operationMetadataId":"6c75dce7-90c0-4f02-a79c-808f9b1b0eb3"},"type":"ParseJson","inputs":{"content":"@triggerOutputs()['headers']","schema":{"type":"object","properties":{"headers":{"type":"object","properties":{"Connection":{"type":"string"},"Accept":{"type":"string"},"Accept-Encoding":{"type":"string"},"Accept-Language":{"type":"string"},"Expect":{"type":"string"},"Host":{"type":"string"},"Referer":{"type":"string"},"User-Agent":{"type":"string"},"sec-ch-ua":{"type":"string"},"x-ms-client-session-id":{"type":"string"},"sec-ch-ua-mobile":{"type":"string"},"x-ms-client-request-id":{"type":"string"},"x-ms-client-keywords":{"type":"string"},"sec-ch-ua-platform":{"type":"string"},"origin":{"type":"string"},"sec-fetch-site":{"type":"string"},"sec-fetch-mode":{"type":"string"},"sec-fetch-dest":{"type":"string"},"X-MS-APIM-Referrer":{"type":"string"},"x-ms-client-region":{"type":"string"},"x-ms-flavor":{"type":"string"},"x-ms-gateway-object-id":{"type":"string"},"X-MS-APIM-Referrer-Prefix":{"type":"string"},"X-MS-APIM-Callback":{"type":"string"},"x-ms-user-id":{"type":"string"},"x-ms-user-name":{"type":"string"},"x-ms-user-name-encoded":{"type":"string"},"x-ms-user-email":{"type":"string"},"x-ms-user-email-encoded":{"type":"string"},"x-ms-user-timestamp":{"type":"string"},"X-Forwarded-For":{"type":"string"},"Content-Length":{"type":"string"},"Content-Type":{"type":"string"}}},"body":{"type":"object","properties":{}}}}}},"変数UserAgentを初期化する":{"runAfter":{"JSON_の解析":["Succeeded"]},"metadata":{"operationMetadataId":"6341d69b-f1c2-4f06-a77c-ab60fb3b3d31"},"type":"InitializeVariable","inputs":{"variables":[{"name":"UserAgent","type":"string","value":"@{triggerOutputs()['headers']['User-Agent']}"}]}},"PowerApp_または_Flow_に応答する":{"runAfter":{"変数UserAgentを初期化する":["Succeeded"]},"metadata":{"operationMetadataId":"da4defc8-9f20-4928-a9ee-72a98ef6ffad"},"type":"Response","kind":"PowerApp","inputs":{"statusCode":200,"body":{"useragent":"@variables('UserAgent')","ismobile":"@{or(contains(variables('UserAgent'), 'PowerApps'),contains(variables('UserAgent'), 'okhttp'))}"},"schema":{"type":"object","properties":{"useragent":{"title":"UserAgent","x-ms-dynamically-added":true,"type":"string"},"ismobile":{"title":"IsMobile","x-ms-dynamically-added":true,"type":"boolean"}}}}}},"outputs":{}}},"schemaVersion":"1.0.0.0"}