{"properties":{"connectionReferences":{},"definition":{"$schema":"https://schema.management.azure.com/providers/Microsoft.Logic/schemas/2016-06-01/workflowdefinition.json#","contentVersion":"1.0.0.0","parameters":{"$authentication":{"defaultValue":{},"type":"SecureObject"}},"triggers":{"manual":{"metadata":{"operationMetadataId":"9c975aca-4413-4244-b332-372aa2f1d121"},"type":"Request","kind":"PowerAppV2","inputs":{"schema":{"type":"object","properties":{"number":{"title":"seconds","type":"number","x-ms-dynamically-added":true,"description":"待機秒数を入力してください","x-ms-content-hint":"NUMBER"}},"required":["number"]}}}},"actions":{"待ち時間":{"runAfter":{},"metadata":{"operationMetadataId":"a143469d-31c1-4d05-95fb-7ab0a10c787f"},"type":"Wait","inputs":{"interval":{"count":"@triggerBody()['number']","unit":"Second"}}},"PowerApp_または_Flow_に応答する":{"runAfter":{"待ち時間":["Succeeded"]},"metadata":{"operationMetadataId":"cf411ee5-a61a-4dee-95a6-2d02b9557ceb"},"type":"Response","kind":"PowerApp","inputs":{"statusCode":200,"body":{"seconds":"@{triggerBody()['number']}"},"schema":{"type":"object","properties":{"seconds":{"title":"seconds","x-ms-dynamically-added":true,"type":"number"}}}}}},"outputs":{}}},"schemaVersion":"1.0.0.0"}