{"properties":{"connectionReferences":{"shared_commondataserviceforapps":{"runtimeSource":"embedded","connection":{"connectionReferenceLogicalName":"ya_sharedcommondataserviceforapps_be81b"},"api":{"name":"shared_commondataserviceforapps"}}},"definition":{"$schema":"https://schema.management.azure.com/providers/Microsoft.Logic/schemas/2016-06-01/workflowdefinition.json#","contentVersion":"1.0.0.0","parameters":{"$connections":{"defaultValue":{},"type":"Object"},"$authentication":{"defaultValue":{},"type":"SecureObject"}},"triggers":{"manual":{"metadata":{"operationMetadataId":"f7593327-2fb6-4cd9-82ee-129eec6769a8"},"type":"Request","kind":"PowerAppV2","inputs":{"schema":{"type":"object","properties":{"text_1":{"title":"Type","type":"string","x-ms-dynamically-added":true,"description":"種別を指定してください( Enter / Leave / ManualCancel )","x-ms-content-hint":"TEXT"},"text":{"title":"EventID","type":"string","x-ms-dynamically-added":true,"description":"予定IDを指定してください","x-ms-content-hint":"TEXT"}},"required":["text_1","text"]}}}},"actions":{"変数Typeを初期化する":{"runAfter":{"作成":["Succeeded"]},"metadata":{"operationMetadataId":"f1d44653-3950-422b-a83c-5864b4c67914"},"type":"InitializeVariable","inputs":{"variables":[{"name":"Type","type":"string","value":"@triggerBody()['text_1']"}]}},"変数EventIDを初期化する":{"runAfter":{"変数Typeを初期化する":["Succeeded"]},"metadata":{"operationMetadataId":"0da0fab3-5fea-4960-83d6-9b0056b5722d"},"type":"InitializeVariable","inputs":{"variables":[{"name":"EventID","type":"string","value":"@triggerBody()['text']"}]}},"スイッチ_(_Enter_,_Leave_,_ManualCancel_)":{"runAfter":{"変数ManualCanceledを初期化する":["Succeeded"]},"cases":{"ケース":{"case":"Enter","actions":{"行を一覧にする_4":{"runAfter":{},"type":"OpenApiConnection","inputs":{"host":{"connectionName":"shared_commondataserviceforapps","operationId":"ListRecords","apiId":"/providers/Microsoft.PowerApps/apis/shared_commondataserviceforapps"},"parameters":{"entityName":"yaa_teventlogs","$filter":"yaa_eventid eq '@{variables('EventID')}'"},"authentication":"@parameters('$authentication')"}},"Apply_to_each_4":{"foreach":"@outputs('行を一覧にする_4')?['body/value']","actions":{"行を更新する_4":{"runAfter":{},"type":"OpenApiConnection","inputs":{"host":{"connectionName":"shared_commondataserviceforapps","operationId":"UpdateRecord","apiId":"/providers/Microsoft.PowerApps/apis/shared_commondataserviceforapps"},"parameters":{"entityName":"yaa_teventlogs","recordId":"@items('Apply_to_each_4')?['yaa_teventlogid']","item/yaa_actualstarttime":"@utcNow()"},"authentication":"@parameters('$authentication')"}}},"runAfter":{"行を一覧にする_4":["Succeeded"]},"type":"Foreach"}}},"ケース_2":{"case":"Leave","actions":{"行を一覧にする":{"runAfter":{},"type":"OpenApiConnection","inputs":{"host":{"connectionName":"shared_commondataserviceforapps","operationId":"ListRecords","apiId":"/providers/Microsoft.PowerApps/apis/shared_commondataserviceforapps"},"parameters":{"entityName":"yaa_teventlogs","$filter":"yaa_eventid eq '@{variables('EventID')}'"},"authentication":"@parameters('$authentication')"}},"Apply_to_each":{"foreach":"@outputs('行を一覧にする')?['body/value']","actions":{"行を更新する":{"runAfter":{},"type":"OpenApiConnection","inputs":{"host":{"connectionName":"shared_commondataserviceforapps","operationId":"UpdateRecord","apiId":"/providers/Microsoft.PowerApps/apis/shared_commondataserviceforapps"},"parameters":{"entityName":"yaa_teventlogs","recordId":"@items('Apply_to_each')?['yaa_teventlogid']","item/yaa_actualendtime":"@utcNow()"},"authentication":"@parameters('$authentication')"}}},"runAfter":{"行を一覧にする":["Succeeded"]},"type":"Foreach"}}},"ケース_3":{"case":"ManualCancel","actions":{"変数ManualCanceledの設定":{"runAfter":{},"type":"SetVariable","inputs":{"name":"ManualCanceled","value":true}},"行を一覧にする_2":{"runAfter":{"変数ManualCanceledの設定":["Succeeded"]},"type":"OpenApiConnection","inputs":{"host":{"connectionName":"shared_commondataserviceforapps","operationId":"ListRecords","apiId":"/providers/Microsoft.PowerApps/apis/shared_commondataserviceforapps"},"parameters":{"entityName":"yaa_teventlogs","$filter":"yaa_eventid eq '@{variables('EventID')}'"},"authentication":"@parameters('$authentication')"}},"Apply_to_each_2":{"foreach":"@outputs('行を一覧にする_2')?['body/value']","actions":{"行を更新する_2":{"runAfter":{},"type":"OpenApiConnection","inputs":{"host":{"connectionName":"shared_commondataserviceforapps","operationId":"UpdateRecord","apiId":"/providers/Microsoft.PowerApps/apis/shared_commondataserviceforapps"},"parameters":{"entityName":"yaa_teventlogs","recordId":"@items('Apply_to_each_2')?['yaa_teventlogid']","item/yaa_manualcanceled":"@variables('ManualCanceled')"},"authentication":"@parameters('$authentication')"}}},"runAfter":{"行を一覧にする_2":["Succeeded"]},"type":"Foreach"}}}},"default":{"actions":{}},"expression":"@variables('Type')","metadata":{"operationMetadataId":"30e2c293-b924-45e2-98ce-b0e43cafd221"},"type":"Switch"},"変数ManualCanceledを初期化する":{"runAfter":{"変数EventIDを初期化する":["Succeeded"]},"metadata":{"operationMetadataId":"8877d180-fb60-495d-b1c8-efe042d167fd"},"type":"InitializeVariable","inputs":{"variables":[{"name":"ManualCanceled","type":"boolean","value":false}]}},"作成":{"runAfter":{},"metadata":{"operationMetadataId":"9027f2bf-5d13-41dc-80ce-2bf13de02767"},"type":"Compose","inputs":"@triggerBody()"}},"outputs":{}}},"schemaVersion":"1.0.0.0"}