{"schemaVersion":"1.0","appDefinitionTemplate":{"id":"/providers/Microsoft.PowerApps/apps/","type":"Microsoft.PowerApps/apps","tags":{"primaryDeviceWidth":"1366","primaryDeviceHeight":"768","sienaVersion":"20211118T132953Z-3.21112.22.0","deviceCapabilities":"","supportsPortrait":"true","supportsLandscape":"true","primaryFormFactor":"Tablet","publisherVersion":"3.21112.22","minimumRequiredApiVersion":"2.2.0","hasComponent":"false","hasUnlockedComponent":"false","isUnifiedRootApp":"false"},"properties":{"appVersion":"2021-11-18T13:29:53Z","lifeCycleId":"Published","createdByClientVersion":{"major":3,"minor":21112,"build":22,"revision":0,"majorRevision":0,"minorRevision":0},"minClientVersion":{"major":3,"minor":21112,"build":22,"revision":0,"majorRevision":0,"minorRevision":0},"backgroundColor":"RGBA(0,176,240,1)","backgroundImageUri":"/18428813010667024677/N80c50195-745b-4cd4-91d0-02825131811d-logoSmallFile","displayName":"GetPresenceApp_bak","description":"","commitMessage":"","appUris":{"documentUri":{"value":"/18428813010667024677/Na9758343-fa31-4719-a665-c99e7a636f09-document.msapp"},"imageUris":[]},"createdTime":"0001-01-01T00:00:00Z","lastModifiedTime":"0001-01-01T00:00:00Z","sharedGroupsCount":0,"sharedUsersCount":0,"icons":{"smallIconUri":"/18428813010667024677/N729baab1-62ec-42be-877b-a892f2742f76-small.png","mediumIconUri":"/18428813010667024677/N60948b17-b69e-467b-bdf7-178149d3c35b-medium.png","largeIconUri":"/18428813010667024677/Ne3370ef4-6700-40dc-a015-feceab2ab27e-large.png","wideIconUri":"/18428813010667024677/N3dde5811-e27c-40df-820a-81cd1e0c3274-wide.png"},"connectionReferences":{},"databaseReferences":{},"almMode":"Solution","performanceOptimizationEnabled":true,"canConsumeAppPass":true,"executionRestrictions":{"isTeamsOnly":false,"dataLossPreventionEvaluationResult":{"status":"Compliant","lastEvaluationDate":"2021-11-18T13:24:04.7741957Z","violations":[],"violationsByPolicy":[],"violationErrorMessage":"このアプリでは、次のコネクタが使用されます: shared_logicflows, shared_office365users, shared_yaa-5fgetpresenceconnector-5f01c647c33275b153。"}}},"appType":"ClassicCanvasApp","appComponents":[]}}