{"properties":{"connectionReferences":{"shared_commondataserviceforapps":{"runtimeSource":"embedded","connection":{"connectionReferenceLogicalName":"ya_sharedcommondataserviceforapps_be81b"},"api":{"name":"shared_commondataserviceforapps"}}},"definition":{"$schema":"https://schema.management.azure.com/providers/Microsoft.Logic/schemas/2016-06-01/workflowdefinition.json#","contentVersion":"1.0.0.0","parameters":{"$connections":{"defaultValue":{},"type":"Object"},"$authentication":{"defaultValue":{},"type":"SecureObject"}},"triggers":{"manual":{"metadata":{"operationMetadataId":"5e1d59f0-4d79-4624-88b7-a86b6fe0ac03"},"type":"Request","kind":"PowerAppV2","inputs":{"schema":{"type":"object","properties":{"text":{"title":"EventID","type":"string","x-ms-dynamically-added":true,"description":"予定IDを指定してください","x-ms-content-hint":"TEXT"},"number":{"title":"Min","type":"number","x-ms-dynamically-added":true,"description":"延長する時間(分)を入力してください","x-ms-content-hint":"NUMBER"}},"required":["text","number"]}}}},"actions":{"作成":{"runAfter":{},"metadata":{"operationMetadataId":"9027f2bf-5d13-41dc-80ce-2bf13de02767"},"type":"Compose","inputs":"@triggerBody()"},"変数EventIDを初期化する":{"runAfter":{"作成":["Succeeded"]},"metadata":{"operationMetadataId":"0da0fab3-5fea-4960-83d6-9b0056b5722d"},"type":"InitializeVariable","inputs":{"variables":[{"name":"EventID","type":"string","value":"@triggerBody()['text']"}]}},"変数Minを初期化する":{"runAfter":{"変数EventIDを初期化する":["Succeeded"]},"metadata":{"operationMetadataId":"0da0fab3-5fea-4960-83d6-9b0056b5722d"},"type":"InitializeVariable","inputs":{"variables":[{"name":"Min","type":"integer","value":"@triggerBody()['number']"}]}},"行を一覧にする":{"runAfter":{"変数Minを初期化する":["Succeeded"]},"metadata":{"operationMetadataId":"ded0c730-c7c2-4962-9389-95e1ddd378a1"},"type":"OpenApiConnection","inputs":{"host":{"connectionName":"shared_commondataserviceforapps","operationId":"ListRecords","apiId":"/providers/Microsoft.PowerApps/apis/shared_commondataserviceforapps"},"parameters":{"entityName":"yaa_teventlogs","$filter":"yaa_eventid eq '@{variables('EventID')}' and \nyaa_autocanceled eq false and \nyaa_manualcanceled eq false and \nyaa_scheduledstarttime ne null and \nyaa_scheduledendtime ne null and \nyaa_actualstarttime ne null and \nyaa_actualendtime eq null"},"authentication":"@parameters('$authentication')"}},"Apply_to_each":{"foreach":"@outputs('行を一覧にする')?['body/value']","actions":{"JSON_の解析":{"runAfter":{},"metadata":{"operationMetadataId":"fcd88e3a-fe1c-4ad3-b0f4-af4e665e4760"},"type":"ParseJson","inputs":{"content":"@items('Apply_to_each')","schema":{"type":"object","properties":{"@@odata.type":{"type":"string"},"@@odata.id":{"type":"string"},"@@odata.etag":{"type":"string"},"@@odata.editLink":{"type":"string"},"yaa_scheduledstarttime@OData.Community.Display.V1.FormattedValue":{"type":"string"},"yaa_scheduledstarttime@odata.type":{"type":"string"},"yaa_scheduledstarttime":{"type":"string"},"versionnumber@OData.Community.Display.V1.FormattedValue":{"type":"string"},"versionnumber@odata.type":{"type":"string"},"versionnumber":{"type":"integer"},"statecode@OData.Community.Display.V1.FormattedValue":{"type":"string"},"statecode":{"type":"integer"},"yaa_actualstarttime@OData.Community.Display.V1.FormattedValue":{"type":"string"},"yaa_actualstarttime@odata.type":{"type":"string"},"yaa_actualstarttime":{"type":"string"},"statuscode@OData.Community.Display.V1.FormattedValue":{"type":"string"},"statuscode":{"type":"integer"},"createdon@OData.Community.Display.V1.FormattedValue":{"type":"string"},"createdon@odata.type":{"type":"string"},"createdon":{"type":"string"},"yaa_actualendtime@OData.Community.Display.V1.FormattedValue":{"type":"string"},"yaa_actualendtime@odata.type":{"type":"string"},"yaa_actualendtime":{"type":"string"},"yaa_manualcanceled@OData.Community.Display.V1.FormattedValue":{"type":"string"},"yaa_manualcanceled":{"type":"boolean"},"_ownerid_value@OData.Community.Display.V1.FormattedValue":{"type":"string"},"_ownerid_value@Microsoft.Dynamics.CRM.associatednavigationproperty":{"type":"string"},"_ownerid_value@Microsoft.Dynamics.CRM.lookuplogicalname":{"type":"string"},"_ownerid_value@odata.type":{"type":"string"},"_ownerid_value":{"type":"string"},"yaa_icaluid":{"type":"string"},"modifiedon@OData.Community.Display.V1.FormattedValue":{"type":"string"},"modifiedon@odata.type":{"type":"string"},"modifiedon":{"type":"string"},"yaa_conferenceroomemail":{"type":"string"},"yaa_scheduledendtime@OData.Community.Display.V1.FormattedValue":{"type":"string"},"yaa_scheduledendtime@odata.type":{"type":"string"},"yaa_scheduledendtime":{"type":"string"},"_modifiedby_value@OData.Community.Display.V1.FormattedValue":{"type":"string"},"_modifiedby_value@Microsoft.Dynamics.CRM.lookuplogicalname":{"type":"string"},"_modifiedby_value@odata.type":{"type":"string"},"_modifiedby_value":{"type":"string"},"yaa_organizeremail":{"type":"string"},"yaa_logid":{"type":"string"},"timezoneruleversionnumber@OData.Community.Display.V1.FormattedValue":{"type":"string"},"timezoneruleversionnumber":{"type":"integer"},"_createdby_value@OData.Community.Display.V1.FormattedValue":{"type":"string"},"_createdby_value@Microsoft.Dynamics.CRM.lookuplogicalname":{"type":"string"},"_createdby_value@odata.type":{"type":"string"},"_createdby_value":{"type":"string"},"yaa_eventid":{"type":"string"},"_owningbusinessunit_value@Microsoft.Dynamics.CRM.associatednavigationproperty":{"type":"string"},"_owningbusinessunit_value@Microsoft.Dynamics.CRM.lookuplogicalname":{"type":"string"},"_owningbusinessunit_value@odata.type":{"type":"string"},"_owningbusinessunit_value":{"type":"string"},"_owninguser_value@Microsoft.Dynamics.CRM.lookuplogicalname":{"type":"string"},"_owninguser_value@odata.type":{"type":"string"},"_owninguser_value":{"type":"string"},"yaa_teventlogid@odata.type":{"type":"string"},"yaa_teventlogid":{"type":"string"},"yaa_autocanceled@OData.Community.Display.V1.FormattedValue":{"type":"string"},"yaa_autocanceled":{"type":"boolean"},"ownerid@odata.associationLink":{"type":"string"},"ownerid@odata.navigationLink":{"type":"string"},"owningbusinessunit@odata.associationLink":{"type":"string"},"owningbusinessunit@odata.navigationLink":{"type":"string"},"createdby@odata.associationLink":{"type":"string"},"createdby@odata.navigationLink":{"type":"string"},"createdonbehalfby@odata.associationLink":{"type":"string"},"createdonbehalfby@odata.navigationLink":{"type":"string"},"modifiedby@odata.associationLink":{"type":"string"},"modifiedby@odata.navigationLink":{"type":"string"},"modifiedonbehalfby@odata.associationLink":{"type":"string"},"modifiedonbehalfby@odata.navigationLink":{"type":"string"},"owninguser@odata.associationLink":{"type":"string"},"owninguser@odata.navigationLink":{"type":"string"},"owningteam@odata.associationLink":{"type":"string"},"owningteam@odata.navigationLink":{"type":"string"},"yaa_teventlog_SyncErrors@odata.associationLink":{"type":"string"},"yaa_teventlog_SyncErrors@odata.navigationLink":{"type":"string"},"yaa_teventlog_DuplicateMatchingRecord@odata.associationLink":{"type":"string"},"yaa_teventlog_DuplicateMatchingRecord@odata.navigationLink":{"type":"string"},"yaa_teventlog_DuplicateBaseRecord@odata.associationLink":{"type":"string"},"yaa_teventlog_DuplicateBaseRecord@odata.navigationLink":{"type":"string"},"yaa_teventlog_AsyncOperations@odata.associationLink":{"type":"string"},"yaa_teventlog_AsyncOperations@odata.navigationLink":{"type":"string"},"yaa_teventlog_MailboxTrackingFolders@odata.associationLink":{"type":"string"},"yaa_teventlog_MailboxTrackingFolders@odata.navigationLink":{"type":"string"},"yaa_teventlog_UserEntityInstanceDatas@odata.associationLink":{"type":"string"},"yaa_teventlog_UserEntityInstanceDatas@odata.navigationLink":{"type":"string"},"yaa_teventlog_ProcessSession@odata.associationLink":{"type":"string"},"yaa_teventlog_ProcessSession@odata.navigationLink":{"type":"string"},"yaa_teventlog_BulkDeleteFailures@odata.associationLink":{"type":"string"},"yaa_teventlog_BulkDeleteFailures@odata.navigationLink":{"type":"string"},"yaa_teventlog_PrincipalObjectAttributeAccesses@odata.associationLink":{"type":"string"},"yaa_teventlog_PrincipalObjectAttributeAccesses@odata.navigationLink":{"type":"string"},"yaa_teventlog_Annotations@odata.associationLink":{"type":"string"},"yaa_teventlog_Annotations@odata.navigationLink":{"type":"string"}}}}},"条件":{"actions":{"行を更新する":{"runAfter":{},"metadata":{"operationMetadataId":"4b5a2f66-6a7d-4a50-874e-576ef9213046"},"type":"OpenApiConnection","inputs":{"host":{"connectionName":"shared_commondataserviceforapps","operationId":"UpdateRecord","apiId":"/providers/Microsoft.PowerApps/apis/shared_commondataserviceforapps"},"parameters":{"entityName":"yaa_teventlogs","recordId":"@items('Apply_to_each')?['yaa_teventlogid']","item/yaa_scheduledendtime":"@outputs('Extended')"},"authentication":"@parameters('$authentication')"}},"子フローの実行_3":{"runAfter":{"行を更新する":["Succeeded"]},"metadata":{"operationMetadataId":"c5112d66-5cc6-48ba-83a2-7b22db9068fb"},"type":"Workflow","inputs":{"host":{"workflowReferenceName":"268ef555-0b44-ec11-8c62-000d3a40ddc0"},"body":{"text":"@items('Apply_to_each')?['yaa_conferenceroomemail']","text_1":"@items('Apply_to_each')?['yaa_eventid']","text_3":"@outputs('Extended')"}}}},"runAfter":{"Extended":["Succeeded"]},"expression":{"and":[{"greaterOrEquals":["@body('JSON_の解析')?['yaa_scheduledendtime']","@utcNow()"]},{"less":["@body('JSON_の解析')?['yaa_scheduledstarttime']","@utcNow()"]}]},"metadata":{"operationMetadataId":"11cfa525-cc8c-4a83-aabe-2f2b7a55b164"},"type":"If"},"Extended":{"runAfter":{"JSON_の解析":["Succeeded"]},"metadata":{"operationMetadataId":"542d7fcf-2874-4ce7-a5f5-720799e86d5f"},"type":"Compose","inputs":"@addMinutes(body('JSON_の解析')?['yaa_scheduledendtime'], variables('Min'))"}},"runAfter":{"行を一覧にする":["Succeeded"]},"metadata":{"operationMetadataId":"804a3816-ec4f-48fe-ba25-123eb06649cf"},"type":"Foreach"}},"outputs":{}}},"schemaVersion":"1.0.0.0"}