{"properties":{"connectionReferences":{"shared_commondataserviceforapps":{"runtimeSource":"embedded","connection":{"connectionReferenceLogicalName":"ya_sharedcommondataserviceforapps_be81b"},"api":{"name":"shared_commondataserviceforapps"}}},"definition":{"$schema":"https://schema.management.azure.com/providers/Microsoft.Logic/schemas/2016-06-01/workflowdefinition.json#","contentVersion":"1.0.0.0","parameters":{"$connections":{"defaultValue":{},"type":"Object"},"$authentication":{"defaultValue":{},"type":"SecureObject"}},"triggers":{"繰り返し":{"recurrence":{"frequency":"Minute","interval":10,"timeZone":"Tokyo Standard Time","startTime":"2021-12-01T18:00:00Z"},"metadata":{"operationMetadataId":"58ff10d2-b3f7-4e33-859a-19e124cbdd13"},"type":"Recurrence"}},"actions":{"tEventLogsの行を一覧にする":{"runAfter":{"変数TargetDateTimeを初期化する":["Succeeded"]},"metadata":{"operationMetadataId":"b6bb7e2c-c067-401e-abcb-a87312d31d16"},"type":"OpenApiConnection","inputs":{"host":{"connectionName":"shared_commondataserviceforapps","operationId":"ListRecords","apiId":"/providers/Microsoft.PowerApps/apis/shared_commondataserviceforapps"},"parameters":{"entityName":"yaa_teventlogs","$filter":"yaa_autocanceled eq false and \nyaa_manualcanceled eq false and \nyaa_scheduledstarttime ne null and \nyaa_scheduledendtime ne null and \nyaa_actualstarttime eq null and \nyaa_actualendtime eq null"},"authentication":"@parameters('$authentication')"}},"変数Waitingを初期化する":{"runAfter":{"変数BaseDateTimeを初期化する":["Succeeded"]},"metadata":{"operationMetadataId":"3c825a52-e7fb-48b0-935d-eab3e6e82dfd"},"type":"InitializeVariable","inputs":{"variables":[{"name":"Waiting","type":"integer"}]}},"Waiting":{"actions":{"行を一覧にする_3":{"runAfter":{},"metadata":{"operationMetadataId":"96db68aa-d5eb-4e53-9e68-d5da07ad14e9"},"type":"OpenApiConnection","inputs":{"host":{"connectionName":"shared_commondataserviceforapps","operationId":"ListRecords","apiId":"/providers/Microsoft.PowerApps/apis/shared_commondataserviceforapps"},"parameters":{"entityName":"yaa_psettings","$filter":"yaa_key eq 'ConferenceRoomApp/StatusIntervalMinute/Waiting'"},"authentication":"@parameters('$authentication')"}},"Apply_to_each_3":{"foreach":"@outputs('行を一覧にする_3')?['body/value']","actions":{"作成_3":{"runAfter":{},"metadata":{"operationMetadataId":"473c6b87-5817-4dd8-a36e-4b9b87d39f8a"},"type":"Compose","inputs":"@int(items('Apply_to_each_3')?['yaa_value'])"},"変数の設定_4":{"runAfter":{"作成_3":["Succeeded"]},"metadata":{"operationMetadataId":"53a5758f-35cc-4fc9-9796-a8df47a78dfa"},"type":"SetVariable","inputs":{"name":"Waiting","value":"@outputs('作成_3')"}}},"runAfter":{"行を一覧にする_3":["Succeeded"]},"metadata":{"operationMetadataId":"2ef9adc0-b36a-401c-87fd-98918386961a"},"type":"Foreach"}},"runAfter":{"変数Waitingを初期化する":["Succeeded"]},"metadata":{"operationMetadataId":"d595b550-ee67-493f-a73c-3a306008f086"},"type":"Scope"},"現在の時刻":{"runAfter":{},"metadata":{"operationMetadataId":"009b49b5-54ff-4154-99f8-9fe6a2266c57"},"type":"Expression","kind":"CurrentTime","inputs":{}},"変数RunAtを初期化する":{"runAfter":{"現在の時刻":["Succeeded"]},"metadata":{"operationMetadataId":"f8b39f00-abb3-4cff-899d-fb1c0dab049f"},"type":"InitializeVariable","inputs":{"variables":[{"name":"RunAt","type":"object","value":{"datetime":"@body('現在の時刻')","year":"@formatDateTime(body('現在の時刻'), 'yyyy')","month":"@formatDateTime(body('現在の時刻'), 'MM')","day":"@formatDateTime(body('現在の時刻'), 'dd')","hour":"@formatDateTime(body('現在の時刻'), 'HH')","minute":"@formatDateTime(body('現在の時刻'), 'mm')","min10":"@formatNumber(mul(10, int(div(int(formatDateTime(body('現在の時刻'), 'mm')), 10))), '00')"}}]}},"RunAtの解析":{"runAfter":{"変数RunAtを初期化する":["Succeeded"]},"metadata":{"operationMetadataId":"43ddb049-fc8c-4b1a-95a9-de229af93e89"},"type":"ParseJson","inputs":{"content":"@variables('RunAt')","schema":{"type":"object","properties":{"datetime":{"type":"string"},"year":{"type":"string"},"month":{"type":"string"},"day":{"type":"string"},"hour":{"type":"string"},"minute":{"type":"string"},"min10":{"type":"string"}}}}},"変数BaseDateTimeを初期化する":{"runAfter":{"RunAtの解析":["Succeeded"]},"metadata":{"operationMetadataId":"14227bb6-66a1-4a7e-9411-4b2db15a0088"},"type":"InitializeVariable","inputs":{"variables":[{"name":"BaseDateTime","type":"string","value":"@{body('RunAtの解析')?['year']}-@{body('RunAtの解析')?['month']}-@{body('RunAtの解析')?['day']}T@{body('RunAtの解析')?['hour']}:@{body('RunAtの解析')?['min10']}:00"}]}},"変数TargetDateTimeを初期化する":{"runAfter":{"Waiting":["Succeeded"]},"metadata":{"operationMetadataId":"9d2e8ac3-370b-424a-b0d0-2daa39ad419d"},"type":"InitializeVariable","inputs":{"variables":[{"name":"TargetDateTime","type":"string","value":"@{addMinutes(variables('BaseDateTime'), mul(-1, variables('Waiting')), 'yyyy-MM-ddTHH:mm:ss')}"}]}},"Waiting判定":{"runAfter":{"tEventLogsの行を一覧にする":["Succeeded"]},"metadata":{"operationMetadataId":"e8bf81c7-b114-4052-bc28-50519f2d7c05"},"type":"Query","inputs":{"from":"@outputs('tEventLogsの行を一覧にする')?['body/value']","where":"@lessOrEquals(formatDateTime(item()?['yaa_scheduledstarttime'], 'yyyy-MM-ddTHH:mm:ss'), variables('TargetDateTime'))"}},"Apply_to_each_2":{"foreach":"@body('Waiting判定')","actions":{"JSON_の解析":{"runAfter":{},"metadata":{"operationMetadataId":"1db9e444-ae60-42e1-bb5b-160ade3374fe"},"type":"ParseJson","inputs":{"content":"@items('Apply_to_each_2')","schema":{"type":"object","properties":{"@@odata.type":{"type":"string"},"@@odata.id":{"type":"string"},"@@odata.etag":{"type":"string"},"@@odata.editLink":{"type":"string"},"yaa_logid":{"type":"string"},"_owningbusinessunit_value@Microsoft.Dynamics.CRM.associatednavigationproperty":{"type":"string"},"_owningbusinessunit_value@Microsoft.Dynamics.CRM.lookuplogicalname":{"type":"string"},"_owningbusinessunit_value@odata.type":{"type":"string"},"_owningbusinessunit_value":{"type":"string"},"modifiedon@OData.Community.Display.V1.FormattedValue":{"type":"string"},"modifiedon@odata.type":{"type":"string"},"modifiedon":{"type":"string"},"yaa_icaluid":{"type":"string"},"statecode@OData.Community.Display.V1.FormattedValue":{"type":"string"},"statecode":{"type":"integer"},"statuscode@OData.Community.Display.V1.FormattedValue":{"type":"string"},"statuscode":{"type":"integer"},"yaa_conferenceroomemail":{"type":"string"},"_createdby_value@OData.Community.Display.V1.FormattedValue":{"type":"string"},"_createdby_value@Microsoft.Dynamics.CRM.lookuplogicalname":{"type":"string"},"_createdby_value@odata.type":{"type":"string"},"_createdby_value":{"type":"string"},"timezoneruleversionnumber@OData.Community.Display.V1.FormattedValue":{"type":"string"},"timezoneruleversionnumber":{"type":"integer"},"yaa_autocanceled@OData.Community.Display.V1.FormattedValue":{"type":"string"},"yaa_autocanceled":{"type":"boolean"},"_ownerid_value@OData.Community.Display.V1.FormattedValue":{"type":"string"},"_ownerid_value@Microsoft.Dynamics.CRM.associatednavigationproperty":{"type":"string"},"_ownerid_value@Microsoft.Dynamics.CRM.lookuplogicalname":{"type":"string"},"_ownerid_value@odata.type":{"type":"string"},"_ownerid_value":{"type":"string"},"yaa_eventid":{"type":"string"},"yaa_manualcanceled@OData.Community.Display.V1.FormattedValue":{"type":"string"},"yaa_manualcanceled":{"type":"boolean"},"_owninguser_value@Microsoft.Dynamics.CRM.lookuplogicalname":{"type":"string"},"_owninguser_value@odata.type":{"type":"string"},"_owninguser_value":{"type":"string"},"_modifiedby_value@OData.Community.Display.V1.FormattedValue":{"type":"string"},"_modifiedby_value@Microsoft.Dynamics.CRM.lookuplogicalname":{"type":"string"},"_modifiedby_value@odata.type":{"type":"string"},"_modifiedby_value":{"type":"string"},"versionnumber@OData.Community.Display.V1.FormattedValue":{"type":"string"},"versionnumber@odata.type":{"type":"string"},"versionnumber":{"type":"integer"},"yaa_scheduledstarttime@OData.Community.Display.V1.FormattedValue":{"type":"string"},"yaa_scheduledstarttime@odata.type":{"type":"string"},"yaa_scheduledstarttime":{"type":"string"},"yaa_organizeremail":{"type":"string"},"createdon@OData.Community.Display.V1.FormattedValue":{"type":"string"},"createdon@odata.type":{"type":"string"},"createdon":{"type":"string"},"yaa_scheduledendtime@OData.Community.Display.V1.FormattedValue":{"type":"string"},"yaa_scheduledendtime@odata.type":{"type":"string"},"yaa_scheduledendtime":{"type":"string"},"yaa_teventlogid@odata.type":{"type":"string"},"yaa_teventlogid":{"type":"string"},"owningbusinessunit@odata.associationLink":{"type":"string"},"owningbusinessunit@odata.navigationLink":{"type":"string"},"ownerid@odata.associationLink":{"type":"string"},"ownerid@odata.navigationLink":{"type":"string"},"createdby@odata.associationLink":{"type":"string"},"createdby@odata.navigationLink":{"type":"string"},"createdonbehalfby@odata.associationLink":{"type":"string"},"createdonbehalfby@odata.navigationLink":{"type":"string"},"modifiedby@odata.associationLink":{"type":"string"},"modifiedby@odata.navigationLink":{"type":"string"},"modifiedonbehalfby@odata.associationLink":{"type":"string"},"modifiedonbehalfby@odata.navigationLink":{"type":"string"},"owninguser@odata.associationLink":{"type":"string"},"owninguser@odata.navigationLink":{"type":"string"},"owningteam@odata.associationLink":{"type":"string"},"owningteam@odata.navigationLink":{"type":"string"},"yaa_teventlog_SyncErrors@odata.associationLink":{"type":"string"},"yaa_teventlog_SyncErrors@odata.navigationLink":{"type":"string"},"yaa_teventlog_DuplicateMatchingRecord@odata.associationLink":{"type":"string"},"yaa_teventlog_DuplicateMatchingRecord@odata.navigationLink":{"type":"string"},"yaa_teventlog_DuplicateBaseRecord@odata.associationLink":{"type":"string"},"yaa_teventlog_DuplicateBaseRecord@odata.navigationLink":{"type":"string"},"yaa_teventlog_AsyncOperations@odata.associationLink":{"type":"string"},"yaa_teventlog_AsyncOperations@odata.navigationLink":{"type":"string"},"yaa_teventlog_MailboxTrackingFolders@odata.associationLink":{"type":"string"},"yaa_teventlog_MailboxTrackingFolders@odata.navigationLink":{"type":"string"},"yaa_teventlog_UserEntityInstanceDatas@odata.associationLink":{"type":"string"},"yaa_teventlog_UserEntityInstanceDatas@odata.navigationLink":{"type":"string"},"yaa_teventlog_ProcessSession@odata.associationLink":{"type":"string"},"yaa_teventlog_ProcessSession@odata.navigationLink":{"type":"string"},"yaa_teventlog_BulkDeleteFailures@odata.associationLink":{"type":"string"},"yaa_teventlog_BulkDeleteFailures@odata.navigationLink":{"type":"string"},"yaa_teventlog_PrincipalObjectAttributeAccesses@odata.associationLink":{"type":"string"},"yaa_teventlog_PrincipalObjectAttributeAccesses@odata.navigationLink":{"type":"string"},"yaa_teventlog_Annotations@odata.associationLink":{"type":"string"},"yaa_teventlog_Annotations@odata.navigationLink":{"type":"string"}}}}},"Apply_to_each":{"foreach":"@outputs('tEventLogsをLogIDで絞り込み')?['body/value']","actions":{"行を更新する":{"runAfter":{},"metadata":{"operationMetadataId":"885da018-2d94-4707-8564-8d5e0e9e8669"},"type":"OpenApiConnection","inputs":{"host":{"connectionName":"shared_commondataserviceforapps","operationId":"UpdateRecord","apiId":"/providers/Microsoft.PowerApps/apis/shared_commondataserviceforapps"},"parameters":{"entityName":"yaa_teventlogs","recordId":"@items('Apply_to_each')?['yaa_teventlogid']","item/yaa_autocanceled":true},"authentication":"@parameters('$authentication')"}}},"runAfter":{"tEventLogsをLogIDで絞り込み":["Succeeded"]},"metadata":{"operationMetadataId":"c5fc6af0-1a61-4c48-8174-482bc6a97e86"},"type":"Foreach"},"tEventLogsをLogIDで絞り込み":{"runAfter":{"JSON_の解析":["Succeeded"]},"metadata":{"operationMetadataId":"dc5a2181-7943-4fa2-96be-374efcf2e96c"},"type":"OpenApiConnection","inputs":{"host":{"connectionName":"shared_commondataserviceforapps","operationId":"ListRecords","apiId":"/providers/Microsoft.PowerApps/apis/shared_commondataserviceforapps"},"parameters":{"entityName":"yaa_teventlogs","$filter":"yaa_logid eq '@{body('JSON_の解析')?['yaa_logid']}'"},"authentication":"@parameters('$authentication')"}}},"runAfter":{"Waiting判定":["Succeeded"]},"metadata":{"operationMetadataId":"72c04bd2-536e-4bf9-8dd9-b465add86327"},"type":"Foreach"}},"outputs":{}}},"schemaVersion":"1.0.0.0"}