{"properties":{"connectionReferences":{"shared_commondataserviceforapps":{"runtimeSource":"embedded","connection":{"connectionReferenceLogicalName":"ya_sharedcommondataserviceforapps_be81b"},"api":{"name":"shared_commondataserviceforapps"}}},"definition":{"$schema":"https://schema.management.azure.com/providers/Microsoft.Logic/schemas/2016-06-01/workflowdefinition.json#","contentVersion":"1.0.0.0","parameters":{"$connections":{"defaultValue":{},"type":"Object"},"$authentication":{"defaultValue":{},"type":"SecureObject"}},"triggers":{"manual":{"metadata":{"operationMetadataId":"18f66528-c0fa-47c8-85e8-1ee598f49f1b"},"type":"Request","kind":"PowerAppV2","inputs":{"schema":{"type":"object","properties":{"text":{"title":"ConferenceRoomEmail","type":"string","x-ms-dynamically-added":true,"description":"会議室メールアドレスを指定してください","x-ms-content-hint":"TEXT"}},"required":["text"]}}}},"actions":{"PowerApp_または_Flow_に応答する":{"runAfter":{"条件":["Succeeded"]},"metadata":{"operationMetadataId":"b918278f-1b09-469d-a02e-67f2fd545cb7"},"type":"Response","kind":"PowerApp","inputs":{"statusCode":200,"body":{"status":"@variables('CurrentStatus')"},"schema":{"type":"object","properties":{"status":{"title":"Status","x-ms-dynamically-added":true,"type":"string"}}}}},"変数CurrentStatusを初期化する":{"runAfter":{"Waiting":["Succeeded"]},"metadata":{"operationMetadataId":"3a52e94d-343f-4bae-80a1-2f000f8c4100"},"type":"InitializeVariable","inputs":{"variables":[{"name":"CurrentStatus","type":"string","value":"Vacancy"}]}},"tEventLogsの行を一覧にする":{"runAfter":{"変数CurrentStatusを初期化する":["Succeeded"]},"metadata":{"operationMetadataId":"b6bb7e2c-c067-401e-abcb-a87312d31d16"},"type":"OpenApiConnection","inputs":{"host":{"connectionName":"shared_commondataserviceforapps","operationId":"ListRecords","apiId":"/providers/Microsoft.PowerApps/apis/shared_commondataserviceforapps"},"parameters":{"entityName":"yaa_teventlogs","$filter":"yaa_conferenceroomemail eq '@{triggerBody()['text']}' and yaa_autocanceled ne true and yaa_manualcanceled ne true"},"authentication":"@parameters('$authentication')"}},"InUse判定":{"runAfter":{"tEventLogsの行を一覧にする":["Succeeded"]},"metadata":{"operationMetadataId":"e8bf81c7-b114-4052-bc28-50519f2d7c05"},"type":"Query","inputs":{"from":"@outputs('tEventLogsの行を一覧にする')?['body/value']","where":"@and(\n  contains(item(), 'yaa_scheduledstarttime'),\n  contains(item(), 'yaa_scheduledendtime'),\n  contains(item(), 'yaa_actualstarttime'),\n  not(contains(item(), 'yaa_actualendtime')),\n\n  less(formatDateTime(item()?['yaa_scheduledstarttime'], 'yyyyMMddHHmmss'), formatDateTime(utcNow(), 'yyyyMMddHHmmss')),\n  greater(formatDateTime(item()?['yaa_scheduledendtime'], 'yyyyMMddHHmmss'), formatDateTime(utcNow(), 'yyyyMMddHHmmss')),\n  less(coalesce(formatDateTime(item()?['yaa_actualstarttime'], 'yyyyMMddHHmmss'), ''), formatDateTime(utcNow(), 'yyyyMMddHHmmss'))\n)"}},"条件":{"actions":{"変数の設定":{"runAfter":{},"metadata":{"operationMetadataId":"53a20f37-b4c9-4b08-95bc-ad27a36cd4ac"},"type":"SetVariable","inputs":{"name":"CurrentStatus","value":"InUse"}}},"runAfter":{"InUse判定":["Succeeded"]},"else":{"actions":{"Waiting判定":{"runAfter":{},"metadata":{"operationMetadataId":"e8bf81c7-b114-4052-bc28-50519f2d7c05"},"type":"Query","inputs":{"from":"@outputs('tEventLogsの行を一覧にする')?['body/value']","where":"@and(\n  contains(item(), 'yaa_scheduledstarttime'),\n  contains(item(), 'yaa_scheduledendtime'),\n  not(contains(item(), 'yaa_actualstarttime')),\n  not(contains(item(), 'yaa_actualendtime')),\n\n  less(formatDateTime(item()?['yaa_scheduledstarttime'], 'yyyy-MM-ddTHH:mm:ss'), formatDateTime(utcNow(), 'yyyy-MM-ddTHH:mm:ss')),\n  greater(formatDateTime(item()?['yaa_scheduledstarttime'], 'yyyy-MM-ddTHH:mm:ss'), addMinutes(utcNow(), mul(-1, variables('Waiting')), 'yyyy-MM-ddTHH:mm:ss')),\n  greater(formatDateTime(item()?['yaa_scheduledendtime'], 'yyyy-MM-ddTHH:mm:ss'), formatDateTime(utcNow(), 'yyyy-MM-ddTHH:mm:ss'))\n)"}},"条件_3":{"actions":{"変数の設定_6":{"runAfter":{},"metadata":{"operationMetadataId":"53a20f37-b4c9-4b08-95bc-ad27a36cd4ac"},"type":"SetVariable","inputs":{"name":"CurrentStatus","value":"Waiting"}}},"runAfter":{"Waiting判定":["Succeeded"]},"else":{"actions":{"InAdvance判定":{"runAfter":{},"metadata":{"operationMetadataId":"e8bf81c7-b114-4052-bc28-50519f2d7c05"},"type":"Query","inputs":{"from":"@outputs('tEventLogsの行を一覧にする')?['body/value']","where":"@and(\n  contains(item(), 'yaa_scheduledstarttime'),\n  contains(item(), 'yaa_scheduledendtime'),\n  not(contains(item(), 'yaa_actualstarttime')),\n  not(contains(item(), 'yaa_actualendtime')),\n\n  less(formatDateTime(item()?['yaa_scheduledstarttime'], 'yyyy-MM-ddTHH:mm:ss'), addMinutes(utcNow(), variables('InAdvance'), 'yyyy-MM-ddTHH:mm:ss')),\n  greater(formatDateTime(item()?['yaa_scheduledstarttime'], 'yyyy-MM-ddTHH:mm:ss'), formatDateTime(utcNow(), 'yyyy-MM-ddTHH:mm:ss')),\n  greater(formatDateTime(item()?['yaa_scheduledendtime'], 'yyyy-MM-ddTHH:mm:ss'), formatDateTime(utcNow(), 'yyyy-MM-ddTHH:mm:ss'))\n)"}},"条件_2":{"actions":{"変数の設定_5":{"runAfter":{},"metadata":{"operationMetadataId":"53a20f37-b4c9-4b08-95bc-ad27a36cd4ac"},"type":"SetVariable","inputs":{"name":"CurrentStatus","value":"InAdvance"}}},"runAfter":{"InAdvance判定":["Succeeded"]},"expression":{"greater":["@length(outputs('InAdvance判定')?['body'])",0]},"metadata":{"operationMetadataId":"ef01ed72-1fac-47ee-ae65-1d6fd15713c4"},"type":"If"}}},"expression":{"greater":["@length(outputs('Waiting判定')?['body'])",0]},"metadata":{"operationMetadataId":"ef01ed72-1fac-47ee-ae65-1d6fd15713c4"},"type":"If"}}},"expression":{"greater":["@length(outputs('InUse判定')?['body'])",0]},"metadata":{"operationMetadataId":"ef01ed72-1fac-47ee-ae65-1d6fd15713c4"},"type":"If"},"変数EndNoticeを初期化する":{"runAfter":{},"metadata":{"operationMetadataId":"e5a3e183-70f0-4bdd-9b06-b18ff66b6a9b"},"type":"InitializeVariable","inputs":{"variables":[{"name":"EndNotice","type":"integer"}]}},"EndNotice":{"actions":{"行を一覧にする":{"runAfter":{},"metadata":{"operationMetadataId":"e2ab0fd7-e369-4dd4-82a6-0ac9a9cd4fcb"},"type":"OpenApiConnection","inputs":{"host":{"connectionName":"shared_commondataserviceforapps","operationId":"ListRecords","apiId":"/providers/Microsoft.PowerApps/apis/shared_commondataserviceforapps"},"parameters":{"entityName":"yaa_psettings","$filter":"yaa_key eq 'ConferenceRoomApp/StatusIntervalMinute/EndNotice'"},"authentication":"@parameters('$authentication')"}},"Apply_to_each":{"foreach":"@outputs('行を一覧にする')?['body/value']","actions":{"作成":{"runAfter":{},"metadata":{"operationMetadataId":"753ebd3d-3afc-4f46-9698-38920051f10b"},"type":"Compose","inputs":"@int(items('Apply_to_each')?['yaa_value'])"},"変数の設定_2":{"runAfter":{"作成":["Succeeded"]},"metadata":{"operationMetadataId":"ee287f4a-c812-465a-8f13-3058d3719463"},"type":"SetVariable","inputs":{"name":"EndNotice","value":"@outputs('作成')"}}},"runAfter":{"行を一覧にする":["Succeeded"]},"metadata":{"operationMetadataId":"80bda65a-f8d5-4209-a16f-192253c77f0e"},"type":"Foreach"}},"runAfter":{"変数Waitingを初期化する":["Succeeded"]},"metadata":{"operationMetadataId":"ef042bd7-d055-4bf2-8075-d4d31fcdb642"},"type":"Scope"},"変数InAdvanceを初期化する":{"runAfter":{"変数EndNoticeを初期化する":["Succeeded"]},"metadata":{"operationMetadataId":"04ed8abb-3ab8-41be-bdb0-7c230a465cec"},"type":"InitializeVariable","inputs":{"variables":[{"name":"InAdvance","type":"integer"}]}},"変数Waitingを初期化する":{"runAfter":{"変数InAdvanceを初期化する":["Succeeded"]},"metadata":{"operationMetadataId":"3c825a52-e7fb-48b0-935d-eab3e6e82dfd"},"type":"InitializeVariable","inputs":{"variables":[{"name":"Waiting","type":"integer"}]}},"InAdvance":{"actions":{"行を一覧にする_2":{"runAfter":{},"metadata":{"operationMetadataId":"c997cda7-bf3f-4e63-b94d-bb373732765e"},"type":"OpenApiConnection","inputs":{"host":{"connectionName":"shared_commondataserviceforapps","operationId":"ListRecords","apiId":"/providers/Microsoft.PowerApps/apis/shared_commondataserviceforapps"},"parameters":{"entityName":"yaa_psettings","$filter":"yaa_key eq 'ConferenceRoomApp/StatusIntervalMinute/InAdvance'"},"authentication":"@parameters('$authentication')"}},"Apply_to_each_2":{"foreach":"@outputs('行を一覧にする_2')?['body/value']","actions":{"作成_2":{"runAfter":{},"metadata":{"operationMetadataId":"a5f17018-2d3d-4847-ae66-f84dd8f91846"},"type":"Compose","inputs":"@int(items('Apply_to_each_2')?['yaa_value'])"},"変数の設定_3":{"runAfter":{"作成_2":["Succeeded"]},"metadata":{"operationMetadataId":"c76116ee-478c-40f1-8bca-265da4257df2"},"type":"SetVariable","inputs":{"name":"InAdvance","value":"@outputs('作成_2')"}}},"runAfter":{"行を一覧にする_2":["Succeeded"]},"metadata":{"operationMetadataId":"cfa20fdd-0d38-47ad-ad50-b82b07c6c73c"},"type":"Foreach"}},"runAfter":{"EndNotice":["Succeeded"]},"metadata":{"operationMetadataId":"9ccb23c3-4698-428b-ab68-aa2164d2c0a5"},"type":"Scope"},"Waiting":{"actions":{"行を一覧にする_3":{"runAfter":{},"metadata":{"operationMetadataId":"96db68aa-d5eb-4e53-9e68-d5da07ad14e9"},"type":"OpenApiConnection","inputs":{"host":{"connectionName":"shared_commondataserviceforapps","operationId":"ListRecords","apiId":"/providers/Microsoft.PowerApps/apis/shared_commondataserviceforapps"},"parameters":{"entityName":"yaa_psettings","$filter":"yaa_key eq 'ConferenceRoomApp/StatusIntervalMinute/Waiting'"},"authentication":"@parameters('$authentication')"}},"Apply_to_each_3":{"foreach":"@outputs('行を一覧にする_3')?['body/value']","actions":{"作成_3":{"runAfter":{},"metadata":{"operationMetadataId":"473c6b87-5817-4dd8-a36e-4b9b87d39f8a"},"type":"Compose","inputs":"@int(items('Apply_to_each_3')?['yaa_value'])"},"変数の設定_4":{"runAfter":{"作成_3":["Succeeded"]},"metadata":{"operationMetadataId":"53a5758f-35cc-4fc9-9796-a8df47a78dfa"},"type":"SetVariable","inputs":{"name":"Waiting","value":"@outputs('作成_3')"}}},"runAfter":{"行を一覧にする_3":["Succeeded"]},"metadata":{"operationMetadataId":"2ef9adc0-b36a-401c-87fd-98918386961a"},"type":"Foreach"}},"runAfter":{"InAdvance":["Succeeded"]},"metadata":{"operationMetadataId":"d595b550-ee67-493f-a73c-3a306008f086"},"type":"Scope"}},"outputs":{}}},"schemaVersion":"1.0.0.0"}